内容,评分
得不到回应的感情该继续吗别熬夜了你喜欢的人已经睡了 慕行之的微博视频 ,0.941401325
总是会有各种理由晚睡熬夜得不解之谜 ,0.432667165
公司的电梯开始没啥人了上下班的公交车也不拥挤了虽然还挺多琐事要安排但放假的状态已经开始了可能是因为发了工资心情好好虽然没有什么年终奖啥的东西但是每年都是那句话～有钱没钱回家过年希望这几天自己可以减减肥做做运动尽量不要熬夜啥的～今天的心情 开心 ,0.955315615
广东发现6起家庭聚集性疫情  广东发现6起家庭聚集性疫情。。。    第一、各地野味市场先关闭一段时间第二、这个春节少出门吧远门和市内的串门儿都尽量少安排微信、电话拜年最好了该组织的饭局就先减免吧第三、老生常谈多洗手、多消毒戴口罩不吃生的东西常通通风少熬夜得休息 全文,0.814381141
熬夜修仙用熬夜霜 熬夜要用钱来补,0.97331084
熬夜要用钱来补,0.552281648
熬夜必备,0.802033068
WHAT  OMG 魔幻熬夜我只是想抢个菜吖The history gonna be last forever  RIP 🕯️🕯️🕯️Do u know how to play Bball 明天和意外谁先来。。。天呐2020太魔幻了RIP,0.996182355
你永远猜不到熬夜的下一分钟你会刷到什么,0.487135689
我以前的日常不就是很多公务员的日常吗各种小结总结心得体会我曾经熬夜不睡觉和同事手工去汇总几个完全不需要的数据A3纸质表格就因为科长说第二天开会领导要用结果压根没用我突然想起来这篇微博。伪工作做得多了自然真工作就不会做了。,0.128941664
四分钟后猛男落泪哭死我了 我真的看不得这些虽然艰难 但也会永远记住现在在人间这个视频存着过多少年再回头看,0.983403272
2020最大心愿那些你早起努力的时光那些你熬夜奋斗的日子那些无论你多疲惫却依然在坚持的时候那就是梦想的力量 ,0.999999783
是我我爸咳一下 他是不是感染了   我妈打个喷嚏她是不是感染了  我喉咙干我是不是感染了   我爸畏寒他是不是感染了  我妈流鼻涕她是不是感染了   熬夜白天困我是不是感染了    一看新闻我们全家是不是都感染了,0.932591986
夫西地酸软膏也太好用了吧我前两天熬夜有个闷痘冒起来了特别疼涂了两天就消下去了开心又可以当一个美丽的小可爱了 ,0.932566617
你和别人熬夜的区别说过晚安继续单机熬夜如果在这么美的地方我其实也可以不熬夜的瑞士 ,0.974152426
太忙了昨天2点才睡今天又要熬夜的节奏每天最困扰我的就是这个表格但是这是我双报到的最重要职责不敢疏忽加油研究生的网课也要努力赶上还有要抽时间陪娃子玩 ,0.901995197
晚上不睡 白天不起 熬夜干活 单位名字应该是打错了 太久没去厂子实在记不清是啥 老年痴呆前兆 明早大概应该肯定会被老爸骂 ,0.103035898
千万不要仰仗自己皮肤好就瞎作我连续四天熬夜到凌晨三四点果然冒了三四个痘 ,0.906243051
Maybe无法增加生命的厚度只能拉长生命的的长度了——致熬夜 ,0.997364389
228哲学和经济笔记×2每天认真洗脸多读书按时睡觉少食多餐不熬夜多喝水不开心的时候就看熊猫。明天开始我一定可以 ,0.477958675
全球疫情意大利疫情海外抗疫日记 居家避难第二十天一个月的三分之二我在家竟然待了一个月的三分之二今天收到早早回国朋友已经结束隔离的消息是近日来比较开心的消息。这几天的生物钟很好没有熬夜凌晨45点就醒来。醒来会翻相册会想前一个月在做什么。前一个月的前一天是13号 全文,0.017674677
你不夜来非你熬夜做什么 ,0.703164712
之前看过一句话觉得无比经典熬夜的原凶是卸妆卸妆的原凶是沙发 ,0.029517415
之前立了Flag说要早睡再熬夜就是狗从此之后是人的日子越来越少了。 ,0.930047054
熬夜然后完全不护肤算不算裸熬 ,0.231605392
铁子们我先睡了这破地球就交给你们接管了空谷回响干啥啥不行熬夜第一名  ,0.013142295
只看字幕没敢开声音哈哈哈哈哈好吵啊金靖搞个直播吧hhhhhh哈哈哈哈被李佳琦赶着下班的嘉宾笑托马斯我耳朵聋了前方记得调小音量📣📣📣,0.70816455
420小记今早很早就去跑步了为了看日出但是多云暂时没有看到日出但是我们两个决定跑很远的距离跑步初期很痛苦中间想放弃后期觉得很轻松互相鼓励更为重要了～明天还是这个时间天黑的感觉很棒尤其在你起床的时候你看到三小时前的朋友圈你也会感慨熬夜真厉害呀他们其实我心里暗爽 全文,0.999998606
熬夜见证了历史今天的油价可能就是人类最低价了以前没有以后也不会有了。明天的6月原油期货如果不反弹通缩预期会把全球股市往沟里带 ,0.99809385
评论抽两个姐妹一人一瓶。因为我天天熬夜第二天起床脸发黄出油还特别厉害。前段时间不是流行刷酸嘛我也跟风买了春日来信的酵母精华露。酸度比较弱我想先试验一下我皮肤的耐受程度。它质地全透明涂脸上也没有任何刺激感完全不粘腻油皮用特别清爽用了快一个月非常温和不会像有些人 全文,0.233380317
严重声明 本人黑眼圈全因熬夜剪辑潮流球鞋视频造成任何其他视频与我无关请大家不造谣、不传谣、不信谣 ,0.320101708
这位姐妹喝多了aga涂出了鸿茅药酒的赶脚做女孩子真的好辛苦喝多熬夜也得护肤。做一个可爱的女孩子更辛苦喝多了护肤还在给我反馈不说了那我只能再给你们整点酒安排了嘻嘻。 ,0.999951017
我读书的时候接触了很多大家公认的聪明人都各有特点有的内向有的外向有的熬夜有的起早有的喜欢阅读文学名著有的喜欢看综艺。要总结共同点我觉得只有一个那就是记性好记性不好的聪明人我一个都没见过。 ,0.983994011
别人的一天都是从早上甚至是凌晨开始的在台州这10年几乎都是晚睡晚起加班熬夜所以我的一天几乎都是从上午甚至从中午才开始的。 ,0.017904864
一直都在断断续续学说粤语今晚熬夜晚安。,0.882844052
本人决定即日起每天1230前睡觉不玩手机请大家踊跃监督本人。不熬夜的理由是因为本人没有钱💰天天做医美只能够曲线救国。 ,0.059130052
认真的时候工作糊涂的时候看书独处的时候思考难过的时候睡觉那熬夜的时候呢昨天刷视频刷到早晨迟到明天老大出差不在家 ,0.183019565
阿娇离婚了。以前阿娇演过一部戏我还拿这个角色构思过一篇文因为我觉得跟桔梗很像。当年桔梗跟大白曾凑个cp好多年前的事儿。可惜了阿娇。也甚是怀念那个时候为了写文耽误了考试于是喝白咖啡提神熬夜背书第二天整个熊猫眼去考试哎最后这科考得还不错 ,0.999999964
迷之终于给我寄面膜了。我真的看身边的人都收到了还以为自己被孤立。打开像冰淇淋一样涂在脸上冰冰凉凉的有小的磨砂颗粒十分钟洗掉就好。主要成分是科颜氏白泥同款的天然有机高岭土吸附力超强。这几天老熬夜脸发黄用完真的感觉脸亮了不是变白是变亮。而且好滑快摸我现在 全文,0.614263749
让我看看是谁还在熬夜不睡觉啊是我呀 ,0.585653169
我多嘴说一句哦。很多妹子们爱打腿但另外几个地方也要打。具体见图。可以预防含胸驼背等问题这些地方远比腿重要。 查看图片 筋膜枪已经用了一段时间的来说一句 买它 又爽又痛 让人又爱又恨据我男朋友对比过他健身教练的筋膜枪 说我们这只性价比很高,0.999933858
鸭苗の日漂 好了工作又分两种当员工当老板。我们再次陷入了思考好不容易跑到日本如果还是当员工那叫换一种生活吗全世界的员工处境大致相同哪儿的广告人不用加班熬夜出创意哪儿的互联网人竞争不激烈虽说全世界的老板处境大致也相同但我们没当过老板呀当当看嘛人生重在体 全文,0.995229946
我在医院上班也是好久才搞明白挂号缴费取药做检查的程序预约挂号取号排队打病历缴费做检查拿药都不在一个地方太难了别说老人了 我第一次去医院也被自助挂号什么的搞得晕头转向 有时候真的觉得完全自助完全机器也不太好,0.00192103
发布了头条文章陶勇医生眼健康课11节中青年人一种比较麻烦的眼病中浆 22岁的小张刚刚毕业找到了一份很心仪的工作。他工作很拼命工作时间经常盯着电脑屏幕一整天晚上也总是熬夜加班。最近他发现自己看东西的时候戴了眼镜就像没戴一样突然模糊不清了甚至视野中间还出现了一个暗圈 全文,0.999999904
刚刚视频了一下觉得他太丑了最近熬夜赶论文蓬头垢面还不刮胡子把视频关了。,0.565075981
诚心推荐佳佳姐家的阿胶糕经常熬夜、久坐、手脚冰凉为气血亏虚来块阿胶糕吧,0.145849598
因为植发被嘲笑了这么久我终于痛定思定开始关心我的头发健康了。免得到最后后面全掉光就算想植都没有毛囊供我移山倒海了。   原本是想不熬夜的但结果发现真的睡不着没办法只得继续熬呗。熬最久的夜买最多的护发产品。来来回回折腾了好久最后选定的还是朋友介绍的FicceCode的生姜健 全文,0.707170474
今日也是元气女孩敏子不苦的雪梨红参熬夜元气饮来了解一下呀里面还加入了pola美白丸里面的蜜瓜提取物每天来一杯告别暗黄没精神喝出好气色 ,0.993979839
突然翻到这个如果真的是06年那丢了三年的钻戒一下子就从此银暗在我这封神了银色暗号是💍这是什么浪漫情怀今天也是歌颂绝美爱情的一天121LF里面在雪地里后退一步我觉得和歌词Makeをしたアスファルトを脚で撫でた用脚尖摩擦雪地相呼应,0.999999472
早安今天又是昨晚熬夜今天还要早起辛苦打工仔的一天 ,0.966435455
1月1日我郑重其事要在新的一年奋发图强1号收拾了各种东西说是有一个好的环境2号写了规划信心满满3号凤凰网晚宴吃了好多4号带娃吃了顿大的又去公园玩5号拍照太早起床睡了一下午我是废了。就像一只被做成饭的鬣蜥。 ,0.028996201
期末 终于还有两门课早上6点多起床为多点时间看书早上只吃了一个鸡蛋果然动脑筋容易饿好久没这种感觉了呢现在就一个要求60分万岁李老师看我刷刷的写题目还特意问我有没有背诵早要点。很好的一门课竟然从未听过一节这也是我最大的问题还有两门加油 全文,0.988691438
老照片没有互联网70年代人们这样了解资讯每天起床几件事洗脸刷牙吃早饭现在多数人估计都多了一项业务那就是拿起手机了解资讯。朋友圈也好新闻app也罢上班了也少不了电脑网页浏览一下。在80年代人们还少不了读书看报。网页链接 ,0.010101292
写完婊子指南5等到国内早上八点大家都起床的时间点了发送键。还是意大利凌晨我点了一支烟在阳台上吹风看了看评论和转发数在朋友圈里分享了一首如果你也听说。 ,0.04957615
好呀在干嘛起床了吗我今天睡到十点才醒午饭吃的沙拉想再瘦一点见你的时候就可以好看一点。下午看了几集电视剧晚上买了超市的汉堡排来煎很好吃我吃了两块。你呢你今天几点起床干了什么又吃了些啥我晚上一个人躺在床上总是忍不住去想你起床的样子你看书的样子你发 全文,0.142594557
起床了起床了今天 再起不来去学校就太过分了毕竟我已经不是当年旷课的那个我了现在是带着娃旷课了🙈。 ,0.619577233
期末 最后一科结束了累看到寒假作业那刻真的很无语早上六点多起床赶到学校考试。考完后匆匆忙忙赶回院里午餐后又赶去市院开会然后去给老爸买衣服送衣服试穿忙到现在还在回家的路上 ,0.996583679
早上545起床請問我現在不睡是幹嘛 ,0.104825256
说个政治不正确的看这两天的新闻中东局势持续紧张又是暗杀又是导弹还摔飞机呢大家都紧张兮兮的等着看高潮部分了等着特朗普起床发声明结果就不打了。这种感觉真的和看权力的游戏最后一季烂尾一样铺垫了那么久结果就这样 加拿大·哈利法克斯 ,0.999584003
好像让我三点到鸭我准备起床了,0.038883588
不情不愿不想起床的你 ,0.069934826
下一天雨跑步只好暂停十分后悔没有选择上午去跑主要是太冷不想起床结果下午就没时间了。中午去市民广场参观了台州城市规划展览馆。10年了从门口经过了无数次居然还是第一次去。原先在广场南路叫规划展示馆不知道哪一年搬到市民广场准确地址是群韵路11号改称展览馆。需要登记。有 全文,0.864701953
2020年1月16日上午10点半醒睡了近9个小时。11点左右起床去单位吃饭坐公交车去中山广场坐112星星广场下换108台州日报社站下时间还早先到食堂二楼打十几分钟台球11点50分许才下楼去排队。大白菜、花椰菜和麻婆豆腐7元。吃完到市民广场台州日报社站坐108市民广场站下参观 全文,0.941672073
天好冷啊不想起床送娃上学啊。 ,0.467063318
起床了开启帅哥的一天 ,0.696396109
2020年1月18日今天还是阴天一丝一毫阳光都没有露脸而且很冷非常冷实际体感比显示的气温还要冷。早上去捐献血小板早上8点55分临时来电预约的我说10点到。9点10分许起床9点28分出门。坐138112去。10点到。今年第一次也是年前最后一次总第115次。超出间隔期7天。因为从公交车上下 全文,0.0003589
今天不用上学娃又不肯睡午觉了。我自己躺在床上昏昏欲睡她跑过来拍着我的床生气地说妈妈下去起床我听完笑死了竟然到了被女儿喊起床的一天了。 ,0.605617618
张若昀 起床铃声 张若昀对狗狗真的好温柔啥时候对我也这么温柔啊 追星女孩的日记的微博视频 ,0.989730087
因为预约了明天下午两点的诊号我现在严阵以待。叮嘱阿姨明天上午让她睡到自然醒下午就不午睡了不然醒来有起床气情绪不好。然后明天想吃啥吃啥零食啥的带上。Ipad带上但是看诊前不能给不然拿走的时候要哭。现在正在找近三个月的视频剪辑一些典型的日常片段出来给医生作为参考怕她 全文,0.038827176
今日份跟小可爱捉迷藏❤️她可以塞在两个门中间的缝里早上起床跟我说想你啦跟爸爸妈妈围成一圈拍手唱歌一直笑着看着我们的眼睛捉迷藏的时候会说躲起来找到啦会模仿霸王龙🦖走路爸爸也模仿霸王龙她说害怕爸爸摸摸她的头夸她聪明她也摸着自己的头说聪明 全文,0.99999967
不行要睡了要睡了两个小时后还得起床 ,0.006916079
我可太难了我起床买了一个多小时口罩了 真实版的惜命 ,0.306199857
快1点钟了还没有下班明天很难起得来。按照计划应该是7点起床洗漱穿衣约半小时出去到附近早餐店吃早餐半小时收拾东西15分钟。8点20分左右出门到工人西路银河商城北公交站台坐137路公交车去黄岩客运中心。 ,0.011036829
起床了昨日还坚挺的湖南悲剧了吗嘤嘤嘤 ,0.845327841
我是有点过敏性鼻炎的那种然后一般刚起床会打很多个喷嚏刚刚起床也打了几个喷嚏然后我妈说听到这种声音我就怕觉得好无语让你不要出门你不怕我从回来到现在几乎门都没出鼻炎打喷嚏你害怕呵呵呵 ,0.96433116
每天起床第一件事微博实时搜意大利 确诊看看有没有。 ,0.053670592
前天下午娃从三点睡到六点半中间我要喊她起床老公说你这是在剥夺别人的睡觉权拦住我了。我说行吧那晚上哄睡你负责。爸爸心一横我负责就我负责于是那天晚上娃蹦哒到凌晨一点老父亲欲哭无泪。今天娃又从三点睡到六点半我说我要去叫娃起床了你有意见吗爸爸谦卑地说不敢 全文,0.483893504
当导游真的太累了今天出门跟带俩娃一样早上八点多就起床现在才回酒店坚持下去我就是夕阳里最浓的那抹红 ,0.014371099
2020年1月29日正月初五星期二我的春节假期第八天。本已经进入尾声因为春节假期延迟昨天晚上我又将返程日期顺延了两天由原定的1月31日正月初七改为2月2日正月初九。上午9点多醒10点不到起床是除除夕以外最早的一天。自初三雨逐渐停后今天早上终于出太阳了这是我腊月廿八回来后 全文,7.35E-07
磕盐博主日常生活中一件开心事——本来要今天开的项目会早早起床打算赶进度在开会前压点完成任务结果电脑还没开收到2位老师因为没完成任务要求推迟一周开会的邮件。自己装作勉te为bie其kai难xin地同意了下周再开会之后迅速打开B站开始划水。 ,0.000106535
长大之后人真的很容易活成自己最讨厌的样子例如每天早上挨个敲房门叫人起床的我 日本·二世古 ,0.844263609
2020年2月1日正月初九我的春节假期最后一天。2月份第一天。全天天气晴好阳光充足强烈气温适中不冷不热。早上8点不到第一次醒看了一会新闻又睡着了9点多再次醒来10点不到起床。中午在家门口晒了一会太阳回家来首次。下午2点多骑自行车去泾县高铁站取购票信息单顺便查看候车厅入口 全文,1.09E-07
昨天气鼓鼓地睡着了刚起床今天有什么好消息没有啊 ,0.304427472
每天起床第一件事兒软—————— ,0.033932511
和我妹打电话她问我你为什么还没转我纹身那条微博我每天起床都看一遍你转了没有每天都没有。我说你干嘛不直接跟我说她说我一直要求也不好以为你自己会懂。真的不懂。,0.003773518
今天上午献血。年后第一次超出间隔期3天。1月31日预约昨天下午4点46分血站来电。8点40分许醒9点起床穿衣洗漱后20分许出发骑公共自行车前往9点50分到。东门关闭从南门进保安在大门口对进入人员测量体温。虽然是春节假期刚过又正值疫情肆虐但来献血的人还是比较多的女性也有好几 全文,5.64E-08
我妹可真是大活宝体育馆封闭了所以这阵子都不训练了 她就天天在家研究做饭 今天给我做了蒜蓉粉丝虾和烤肉 明天说要给我做凉皮我俩是每天睡到十一点起床叫都叫不醒那种 结果她为了我明天能吃上凉皮让我给她定七点闹钟起来和面 睡前嘱咐了我六次如果她不起来让我把她踢起来 还问了我五次闹钟确定定好了 全文,0.000634704
有些人微博上装的一套一套真要执行起来这执行力基本为0。早上我8点起床冲浪有的人是不能指望的但我听那个人大概唠叨了一周了什么要好好健身要锻炼身体结果下午到健身房人也看不到估计还躺在床上吧唉我觉得这种人是属鸽子的你觉得呢  ,0.841916931
起床见到夏夏爸爸问夏夏你想我了吗夏夏字正腔圆每油～每有想你～每有想你～我问夏夏你想我了吗夏夏扑到我怀里想你啦感觉她是在戏弄我们 ,0.999577158
冲你家妈逼的浪鸡都没叫我就起床了是睡懒觉它不香吗。 ,0.116277528
我起床去试试,0.446440321
我是真的恨啊我真不该来这里啊我起床后感觉浑身痛没有一块地方是好的我觉得这里真的适合组织那种魔折磨减肥魔鬼训练营真的正常一节课划水就能至少消耗七八百卡一天上两节不用丝毫节食就能保证体重猛掉。,0.940372952
起床啦 ,0.236842105
饭卡超限晚上去食堂吃夜宵时顺便刷了一下饭卡果然这个月的补助已经打进来了刷卡机屏幕上现实乱码。真是麻烦。本来我是准备年后一回来就去文化服务中心买点零食的结果因为疫情影响一直没有开门营业因为持续阴雨天气寒冷和下班晚起床晚等原因食堂也只去吃过一次扣了10元这还不够。 ,2.91E-08
育儿博主Mia现在应该是非常开心的。因为不用去幼儿园所以每天可以睡到中午起起床就吃吃完就玩玩累就睡。她会监督所有家里的人不许出门因为出门会感冒。视频的时候会跟我汇报今天妈妈有没有出门。可能她长大了不一定会记得现在外面在经历什么在她小小的脑子里大概只记得这段 全文,0.997521328
我太能睡觉了今天睡到了下午三点起床吃完饭五点开始睡又睡到了现在起床 我睡神实锤 ,0.000606113
成功的路上没有人会叫你起床也没有人会为你买单树的方向风决定人的方向自己决定早安想见你大结局贵州全面恢复省内交通北京粉蓝色天空 ,0.999977541
我念高一的时候我们学校规定女生全部剪短发长度跟男生的寸头稍微长点不能留刘海。开学的时候不合格的班主任现场用剪刀剪那时候你去理发店只要说XX高中理发就能获得一个猛男发型一种心照不宣的默契弥漫在空气中。最让我崩溃的是每天早上起床都满头爆炸我都需要早起半个小时洗头寝室 全文,0.999976616
让我康康是哪个小可爱还没有起床～ ,0.593416446
我起床了1111分这个起床时间看到我脑壳疼 ,0.025445306
单身日记2每天早上起床第一件事是查看各种各样的软件有没有新的人fo我上海、北京、成都、里昂、马德里、杜塞尔多夫ok没有人fo我。然后再打开微信跟三个不同的男生说早。好了他们都有我微博现在他们都知道我还有别人在聊了。坦诚真的是记录自己很重要的的一步 全文,0.783647651
晚上该睡觉的时候我睡不着白天该起床的时候我却又睡不醒怎么破 ,0.000227831
每天早上我还没睡醒阿姨就带着夏夏做早操锻炼身体还在蜗居的小客厅里跑步现在夏夏每天起床就拉着阿姨跑步我也是佩服。 阿姨放的什么视频有点厉害七天就可以练出迷人的锁骨夏酱家阿姨 小短腿夏酱的微博视频 ,0.001521128
准备起床啦,0.236842105
一起床收到两个振奋人心的微信。日托说暂定3月2日开学正在统计宝宝们入拖时间。发型师说本月24号复工可约。接下来就是不知道美甲师出村了没 ,0.003813238
三个小时前打开手机 只是为了在起床前看看天气 ,0.052748102
每天起床看到的夏夏都是这么甜 小短腿夏酱的微博视频 ,0.539447516
最晚睡觉才400多今天起床528吃了个饭躺着一看650了。 ,0.003979282
老公在睡午觉我突然打开了这个视频笑死我了 王嘉尔像极了叫我起床的我妈王嘉尔笑死我了前两个就应该听的想骂人了,0.194214665
我以前date有一个小男生喜欢打游戏不按时吃饭起床第一件事是先开电脑饿了就随便吃些吐司。我觉得这样不行不好他这样生活有问题我每天到时间给他做饭做好之后他连来饭桌吃饭也不坐在电脑面前吃完把碗一放我又去收了来洗。我一肚子怨气和他大吵一架。后来和朋友聊天我跟她 全文,8.07E-05
昨天我发完这条微博就睡觉了睡了个懒觉起床后也没看微博现在准备去冲浪打开一看发下面评论翻车了你们似乎对我说的第五点不是很认同你们非常虚伪啊,0.001049285
没有遇到过饭渣娃可能不太理解。常见的就是建议就是让我别给她吃零食但是夏夏也不爱吃零食基本上很少吃零食除了外出我会带着哄一下。还有就是很多妈妈说饿一下就好了夏夏去年上了四个月日托班清晨六点喝一顿奶吧起床吃半个鸡蛋有时候早饭也不吃然后去上学中午基本不吃下午茶点 全文,0.758138743
婴儿晴哼唧哼唧佯装要起床队友急忙起身热奶装好。回头一看婴儿晴又呼呼睡着了老母亲涨奶疼得要紧趁这空隙跑去泵奶半小时后回到现场睡着的还在睡本来醒着的已经体力不支又睡倒了这是自昨晚10点哄睡着后已过了8个半小时请请啊你不饿么 301 Moved Permanently  全文,0.000219398
约了小姨出去玩我为了让她起床把她抱到客厅结果就在我腿上继续睡着了👼 ,0.783203463
经历了近两个月的变形记作息时间变得格外规律每天900起床打卡、930吃早餐、1000画图、1600出去锻炼、1900吃个晚饭逛逛超市。最近出汗量巨大早睡早起身体棒棒～ ,0.999720232
每天七天起床先给自己做点东西吃然后洗个澡 敷面膜眼膜和豆豆玩会然后激动地等爸爸起床起来下一会五子棋军棋然后和妈妈一起做午饭吃完饭陪爸妈一起看电视在院子里溜达会然后激动地等晚饭吃完晚饭准时困了上床睡觉最近每天都是提前养老般的生活这就是周濛濛的一天 ,0.37931414
湾区疫情我宿舍在二楼对着研究生公寓的主要通道一个花园。早上起来之后开窗通风截止到上午11点没有看到一个人从我窗口经过  果然Graduate Student智商可能更高一点昨晚学校的停课通知应该吓到了不少人。当然也可能是因为今天周六都还没起床呢 ,0.166329984
quotRise and shine quot橘子海 Orange Ocean起床气起床气Remember Me ,0.112421935
在终于意识到凹死不能复生之后 我唯一想要的就是一个正式道歉 老老实实承认粉丝做错了不该举报ao3不行吗 发个公告阴阳怪气的占用公共资源 虾姐开始倒打一耙给凹三扣荡妇恋童罪名 头七都过了还这么能恶心人 每天心平气和地起床打开微博就被这群贱批激起杀心 2020年第一大奇闻了 ,1.93E-05
4年前 VS 4年后事实证明牵手也可能会怀孕哦噗昨天刚好是和队友牵手成功4周年纪念日谁也没想到当年小手一牵今时今日牵出了一个周边产品从此进入了更加精混彩乱纷不呈堪的生活完全没时间和精力提前去准备礼物。早晨起床奶了娃吃个平凡早餐睡个回笼觉到下午3点抱 全文,0.999993595
我家阿姨最大的特点和优点就是勤劳肯干效率高。夏夏起床之前她就起来搞卫生拖地洗碗我们吃宵夜的碗自己简单吃点有时候煮粥有时候就牛奶饼干她也不讲究吃饱就行。然后夏夏起床了给她洗脸洗屁股弄鸡蛋或者包子面包给她吃。我们起床了陪夏夏玩她就赶紧去遛狗和买菜然后回来打扫 全文,3.19E-06
武汉封城51天了吗今天没课睡到中午才起床阳光灿烂的日子。帮老食品宿舍的雷婆婆和朱爹爹买了肉他们都不会使用微信。40元一份四斤瘦肉国家补贴的2毛钱的塑料袋一共804。之前给他们买了粮油面还有爱心菜。雷婆婆一共3、4百朱爹爹1百多。另外最困难时期给贺婆婆买了一些菜和豆制品 全文,0.991215708
周游记官宣 周游记官宣啦这一声起床啦好有魔性社会我周董 追星女孩的日记的微博视频 ,0.523246367
如果你失眠的话你可以问自己一个问题我要不要起床打扫卫生我思考完这个问题之后又在床上睡了两个小时今天也是爱睡觉的一天但我家已经快一个月没打扫了 ,0.017472855
昨天从10点起床开始忙活到半夜十二点到家回来躺尸的感觉真不错哈哈 ,0.190807846
早上爸爸起床上班被夏夏看见了就哭着不让爸爸走去追的时候自己打开门还被门刮到脚。我听到她哭我就起来了我说妈妈陪你爸爸上班了。夏夏看着我说小考年～小考年～我想了一下原来是说自己小可怜。然后打雷了她冲到我怀里雷声停了她又自我安慰说没事的。我帮她 全文,0.999995635
早上我还没起床不不妈问我们要不要一起出去玩我考虑到不不超强的语言能力马上跳起来换衣服一起去咖啡厅了。结果两个娃抢玩具了夏夏语言能力没学到被一顿暴揍整懵了主要是我们两个妈妈在旁边起哄。 ,0.173729287
起床吃饭饭了～ Crrrrsh的微博视频 ,0.387370662
我们家这盆不知名的小绿植已经三个月没浇过水了上周我们回家发现它叶子枯黄卷曲俨然一副要死了的模样。前天就给它浇了一杯水今天起床一看叶子绿了一大半。「一旦身处逆境最重要的是要有信心有恒心有勇气有毅力有实干精神 即使眼看山穷水尽仍要想到会峰回路转柳暗花明。」从今天 全文,0.998200686
上周天晚上直播跟大家最后说我姐夫六块腹肌人又帅气做饭好吃中大物理毕业。有多帅大家可能没概念就在刚才等我小外甥午睡起床前刷了一会儿微博结果他睁开眼睛就爬到我身上说这不是我爸爸吗然后我截了个图让他把自己爸爸圈出来见图 ,0.416595794
归国隔离日记第八天。隔离点的网速今天开始变得非常缓慢ssh命令敲进去都要30s才能够有响应。磕盐上很多突发状况又都集中在今天爆发所早上5点多起床之后一直忙到现在但是效率反而不高。虽然social science的学生不需要像理工科一样天天在实验室打卡但是时间相对自由的前提是要有稳定高速 全文,0.343282299
早安分享面婶这句话是我最近起床的动力。 ,0.117743149
11点了可以起床了呢 ¯﹃¯转完继续睡～,0.035700559
大家最近评论风格大变啊早上起床拥抱太阳～感谢奶舅满满的正能量～,0.998924164
归国隔离日记第十二天。早上起床接到电话通知我30日晚上6点整解除隔离因为我已经订好了31号下午的机票所以跟管理人员商量能不能多住一晚对方表示需要跟上级沟通。另外一方面磕盐还是各种状况昨天码了一天代码今天估计还要继续搬一天砖。所以我真觉得隔不隔离对我没啥特别大的区别 全文,3.86E-08
摸鱼日记今天给自己煮了个不正宗火锅粉尝了尝味道有点淡又加了一坨火锅底料作死辣穿了我觉得在座的各位没人可以忍受这个辣度点了一个草莓🍧满满一口冻到牙齿打架今天外面好像还下雪了手脚冰凉猫猫睡了一整天在考虑要不要叫他起床吃饭 ,0.000376013
早安再过一会衣服都要卖了我才起床今天一定要早睡明天七点就起 ,0.001805226
上班的第一天💼失败早上八点二十分起床。摸两把猫猫～今天也是元气满满的一天八点三十五分出门。由于太久没乘地铁身份信息失效支付宝在这个时候系统错误在闸机口等了二十分钟差点迟到上车了🚌💨九点二五分最后五分钟终于打上卡准备买个早餐去公司 全文,0.000695581
起床过节了 愚人们 ,0.53094814
43小记想要早起的没有做到八点半起床做早餐跟妈妈电话今天早餐是昨晚的番茄鱼剩汤煮素面真是太好吃了汤的味道很浓很浓～图一二三四配料以及鱼片很好吃～像煮泡面一样煮番茄鱼小火锅新锅棒棒哒量有点多两个人很好今天效率慢了一些找工作线上面试在家也化妆了上半身穿 全文,0.586992408
在家说谎最多的话就是你妈问你起床了没 你说起了 接着又躺了一个小时 ,0.002327445
恢复上课Day 1凌晨2点入睡凌晨3点半娃惊跳反应哭醒哄之凌晨5点娃饿哭醒奶之早晨7点半起床洗澡洗漱早晨8点半出门吃早餐喝咖啡回魂早晨9点15到学校测体温进课室早晨9点半～10点半老师开学讲话早晨10点半～11点半日语能力测试答对率95保住了课堂一席之位。11点半～12点半老师叮 全文,5.71E-08
这两天我助理陪着我住我每天起床给我俩做早餐然后刚刚晚上收到了工厂给我打版的一条裙子穿上身的时候我俩都惊呆了我助理说老大 这件儿真适合你早上给我煎蛋的时候穿像个女仆 ,0.009255111
我破案了我终于知道为什么我最近起床又开始腰酸背疼。上次回国后睡会了我家的乳胶床垫乳胶枕那每天起来真是舒服啊但后来没几天就开始浑身很痛昨晚我知道原因了。床我睡右边摸鱼睡左边昨晚一点多我起床上厕所回来后发现不对了摸鱼成对角线斜睡然后我只能搞在角落里。等我 全文,3.22E-07
睡了早点睡才有抵抗力呢。每晚都在后悔没有更温柔有爱一点明天新的一天我要早早起床把红豆卷切成片裹上蛋液煎一煎配小米粥上班前叠好被子上班的时候不看手机抓紧时间早点回家有机会辛苦多么好。 ,0.624098129
我起床就看到温馨一幕夏夏和爸爸挤在一个沙发上🛋️念绘本。但是夏夏一直被挤下来她就默默再爬回去勾住爸爸的腿。 ,0.999931061
亲爱的日记今天742am起床打开my音响、敷一张早安面膜、冲一杯清咖啡再检查邮箱狗老师又发新作业了布瑞克菲尔斯特是两块松饼一盒低脂发酵乳一杯奇亚籽牛奶扭了半天没拧开我又给放回冰箱了。旧天地贵妇的新生活。早起的这个上午写了74个字我陷入思考你听过狼人吗我是他的亚洲亲戚、猪 全文,0.999999965
航哥绘本记录 3y9m20d昨天只读了这些因为我临时决定带着航哥回了乡下他见到姥姥姥爷兴奋的不得了晚上不到八点就说困了直到10点半才睡着然后早上五点半又跟着姥姥起床了这两本还是姥爷给读的 ,0.631510608
417今天骑单车骑了很久下车腿还是软的但是心情很开心明天约定更早去跑步了～沿路的风景不是盖的妈妈不担心早餐系列进行正式结束打卡15天下次打卡什么好呢昨天为了今天吃鸡翅做的酸萝卜不要不要太成功～简单做法也好吃明天要更早起床睡了哈晚安💤对了最近 全文,0.999989246
感谢你送我的起床礼物,0.590666124
昨天我短发的新闻一出我就怕大家误会赶紧说了那是假的结果今天一起床看到热搜心想完了肯定被人说我买热搜 赶紧去搜自己名字看～果然但是这个热搜真的不是我买的不是我买的不是我买的这个锅我不能背 如果我买了我就是小狗王八蛋事业下滑 还有～我只会因为好不好看而绝不是任何人任何事去剪头 全文,0.265599517
418小记早餐朋友圈已经停更15天更新🐘真是棒结束了9也会好好的吃早餐今天是六点起床七点到的深圳湾那会太阳起来的不高还想着在海边看日出六点半左右天已经大亮今天的天气多云但是金黄太阳穿过云层再投映在水面出现闪闪的波光大片天空是金黄色真的很漂亮～偶遇小喵咪感 全文,0.999629941
420小记今早很早就去跑步了为了看日出但是多云暂时没有看到日出但是我们两个决定跑很远的距离跑步初期很痛苦中间想放弃后期觉得很轻松互相鼓励更为重要了～明天还是这个时间天黑的感觉很棒尤其在你起床的时候你看到三小时前的朋友圈你也会感慨熬夜真厉害呀他们其实我心里暗爽 全文,0.999998606
睡醒起床做早饭锻炼一小时然后买菜吃完饭上班晚上继续锻炼今天发货处理售后盘点库存看样衣然后还要画画设计iwatch里面去买一个睡眠的APP autoSleep可以记录你的睡眠程度包括你的深度睡眠啊还有时间啊还有分析你的睡眠状态我觉得挺好用的。只要18块钱。 ,0.010865479
奶舅被迫营业48女宝2岁一个月两岁左右开始黏妈妈早上起床一直要抱抱吃饭她吃饱了就要妈妈抱玩耍也要和妈妈一起玩之前并没有过分离焦虑需要改变吗还是长大了会好奶舅分析这个案例里孩子两岁多一点孩子在这个阶段大都已经经验性学得了一些家庭规则和熟人之间的互动策略。 全文,1
每天活力满满的起床午夜时分就他妈学成母浩克 上学伤肝 ,0.997068576
今天一起床看到餐桌上摆了一盆土豆沙拉我呀妈妈给我做土豆沙拉啦妈妈我是为了给你粉丝写菜谱所以顺便给你做了一份我昨天只是问了我妈妈一下可不可以帮我写个做法给你们 因为有人想吃 结果妈妈一大早就全部都写好了 还拍了图下面是土豆沙拉的做法哦 全部都是妈妈写给你们的图也是 全文,0.999869139
评论抽两个姐妹一人一瓶。因为我天天熬夜第二天起床脸发黄出油还特别厉害。前段时间不是流行刷酸嘛我也跟风买了春日来信的酵母精华露。酸度比较弱我想先试验一下我皮肤的耐受程度。它质地全透明涂脸上也没有任何刺激感完全不粘腻油皮用特别清爽用了快一个月非常温和不会像有些人 全文,0.233380317
我起床了早起空气也就那样没有别人说的那么好你们还是多睡会别被骗了 ,0.05050955
你们要让男人怎么办不行的时候又要问你到底行不行人行起来你们又要说他是种猪。别吃瓜了我要是你们先起床给你男朋友一脚让他看看别人的三十多还能舌战群儒他的二十多还没来得及提刀上马就被斩于马下。 ,0.002334528
起床一刷手机直接看懵了第一课我就不及格时间管理大师第一课凌晨五点多的道歉。,0.96594026
我起床了夏夏不知道听到我房间有声音一直问阿姨这是什么声音阿姨这是什么声音等我出现了她说是你呀原来是你呀 我跟她说妈妈想你了。她说亲亲我吧 ,0.01384011
八九点起床早我可好奇 夏夏妈妈早上都几点起 天天看你半夜抠 真的精力满满呦,0.263650303
早上起床看到阿姨给夏夏穿了一身厚衣服但是今天接近30度了我赶紧给她换了套短袖瞬间清爽了ps这个黑色紧身短裤蛮百搭但是我以为夏夏肉乎乎拿了100码有点大还是应该按身高来。 ,0.62582929
女朋友睡着了我要悄咪咪起床工作了。 ,0.973468691
早上七点起床忙活一整天终于吃上了口热乎饭这个椰子鸡好鲜甜感觉我以前吃的都是浓汤宝椰子鸡 ,0.884207149
早安我妈妈真的很坏刚才她来叫我起床我死不起来然后她出去了过了一会又进来了蒙蒙快起来你又上头条热搜了我腾地一下就被吓醒了 一屁股坐起来开始找手机这时候我妈在旁边哈哈大笑说你看我是不是现在很了解你 我都知道什么能让你一下子就醒 ,0.000154992
起床写老蹦的时间管理技巧吗,0.695565803
每天起床最大的快乐就是跟营销号抢热评 ,0.445272536
来码非常需要等等我速度起床用一下Pikaball转发微博,0.530617895
因为起床太早双眼皮被我气得离家出走了 ,0.061634114
这个点起床我根本就不知道我要吃早饭还是吃中饭。刚刚照了一下镜子发现自己整个人变成了巧克力色。是的巧克力色🔪🔪🔪🔪🔪我杀人了体重964和昨天没啥变化可能我回家吃了很多鸭头吧又储水 ,0.624545244
2020年5月4日今天是五四青年节也是我五一假期最后一天了明天中午开始返程。8点半醒9点多起床。醒来之后不久附近那户人家终于出殡了一直噼里啪啦放鞭炮各种吹拉弹唱之前已经守灵好几天了。上午房东发来4月份电费交纳信息截图我才知道上个月电用了51度不过我已经于昨天晚上7点多提 全文,0.043400808
粉丝催郁可唯起床练舞 郁可唯烦死了是这个混音才显得比较凶本人实际没有 追星女孩的日记的微博视频 ,0.005699975
最近作息表830 起床喂猫9301200 开始工作12001330 午休画点自己的图13301800 下班1900 开始做外包0000 关电脑累了脖子好疼 ,0.006877331
起床啦起床啦今天在家里搞烧烤新疆羊肉串吃起来 ,0.142855507
每天起床第一件事玩磁力片 ,0.306487661
起床 天津 ,0.090732952
每天早上起床刷半个小时微博 浏览一下各派弱智实况 感慨一下我这个4相当不错 然后打开课件瞬间被贬为憨子 如此周而复始 一部普罗米修斯的冲浪哲学 ,0.658459141
中午起床不知道吃什么小朋友说他给我点外卖真的每一个东西都精准的点在了我不吃的点上。 怎么会有人点名字叫做曼哈顿巧达汤的奶油浓汤啊我光是听到曼哈顿三个字已经想发火了。 ,0.990552454
干啥呢这是都2020年了拜托了 丧心病狂 又是起床就气疯的一天。,0.011889742
我气疯了日你妈这感觉2020年是循环播放的一年丧心病狂 又是起床就气疯的一天。,0.003103434
都多大了 还在用叫小朋友的方式叫我起床早安啊 ,0.835340621
据老胡了解中国驻以色列大使杜伟今晨在特拉维夫的大使官邸因身体原因突然去世他走得非常突然外交部的同事们十分震惊也非常难过。老胡得到的消息是早晨杜大使没有正常起床同事们后来进去叫他发现他已经去世了。在老胡在的一个微信群里他的一位同班同学也说到杜大使是个工作很拼的 全文,0.997248341
昨天直播前去zzh办公室休息的时候看到她让人特别给我准备好的happy hippo然后今天一起床就收到妈妈的信息她给我买了一整箱的happy hippo ,0.299709144
每天起床第一件事就是看书📖 ,0.317764639
挣扎着起床搬砖啦 ,0.290563203
脱了衣服和孩子一起比赛穿谁先穿上谁就可以看集动画片男孩子三岁半早上起床怎么都不穿衣服软硬不吃每次都要强硬穿上请问奶舅这样的还能怎么打开,0.119901993
北京怎么天黑了我刚起床还以为晚上了 ,0.09918447
小黄鱼起床啦～ ,0.237630117
艰难起床了 ,0.527770278
有一个会用xhs的阿姨真的很省心想吃什么直接发群里就好了起床中午就能吃到 ,0.169581635
一日之计在于晨这个点还没起床的朋友们也是根本没有拿自己的生活当回事生活不积极没动力想必跟我也不是一类人 ,0.975075922
其实我觉得有时候对方没那么喜欢你养鱼你就摆正心态好好当鱼鱼有鱼的快乐互联网时代现在鱼塘都是云端的轻松共享可以在每个鱼塘游来游去。给一百个天菜当plan b做他们人生疲劳的加油站。人一直仰着头很累的谁都会有低头的时候他们难过空虚的时候找你吃饭睡觉睡完又拍拍屁股觉 全文,0.999999221
岁末年初各大APP和网络平台纷纷推出各种版本的个人账单、报告等今天看了我的支付宝2019年度账单震惊不已居然花了这么多钱真是不查不知道一查吓一跳。虽然不吸烟喝酒赌博炒股打游戏看直播打赏养宠物也没有生病就诊但房租水电卫生费、吃饭点餐、零食饮料、买衣服鞋袜箱包和日用品、坐公 全文,0.009629091
你在吃饭 而我在健身所以请放下手里的鸡腿儿 ,0.429609437
摸鱼睁开眼的第一个新年提问「如果我给自己剪一个齐刘海儿你还会爱我吗。」中午出去吃饭她许下了新年愿望「我希望我脑子能好一点。」唉突然有种从福利院领了个傻儿子的感觉。 ,0.576862512
杭州美食杭州美食推荐超话不可辜负的美食超话带着微博去旅行微博吃货秀超话鲜城杭州美食不可辜负的美食超话用美食说我爱你超话放假了去西溪湿地游玩从北门入口进入不用买票。在这里打发闲暇时光还是很惬意的逛饿了附近找家店吃饭。隐西溪就在那个大大的氦气球旁边 全文,1
一段好的关系永远是平衡的特别是和富二代。下午陪朋友买衣服在maxmara买了大衣又去耐克买羽绒服拿不下让我帮她拿。我说不可能我是大明星。她说我晚上请你吃饭。我马上接过来拿着晚上请我吃了龙虾面打车到她家把东西放了我说你送我去车站吧。她说你自己走吧我懒得出门不 全文,0.549174667
晚上继续在单位食堂吃饭芋头、花椰菜和大白菜7元。芋头和花椰菜不够软烂和生的没什么区别切得又很大块简直没法吃芋头也存在同样的问题外面还好里面太硬。只有大白菜还可以。 ,2.57E-06
今天是工作日还以为是节假日呢该死的元旦把我的生物钟都弄乱了。刚晴了两天今天又转阴了好在气温继续回升不冷还稍微有点闷热。午饭到单位食堂吃土豆条、青椒炒蛋还有一个菜不知道是什么瓜蒲瓜冬瓜丝瓜都不太像。一共9元。吃完饭到办公室打开电脑继续校对还没有完成的路桥文史 全文,8.06E-08
这几天弟弟过来广州了突然觉得自己真的很需要陪伴因为觉得有人陪着说说话聊聊天真好或是吃饭时候突然想看电影就可以立马买票有人陪着看～当然也是要聊得来的才觉得好今年的第一部电影误杀挺不错～一开始看就非常投入所以觉得很压抑很不希望有什么不好的事情发生在这一家人身上虽然是 全文,0.999685827
家有饭渣 夏夏每天清晨会要喝奶喝完了早饭也不怎么吃偶尔心情好吃半个鸡蛋就去日托了。中午不吃饭。下午睡醒如果是包子就吃一点。一直能扛到晚上回家吃晚饭也是吃几口就跑了等到阿姨吃完了再慢慢喂她。很多人说娃不吃饭饿一饿就吃了但是我已经狠狠心从她上日托就不管她吃不吃 全文,0.007440377
2020年1月4日双休日第二天。上午10点醒。午饭吃杂酱面、卤蛋和酸梅汤。下午收到单位台报进行时短信多条。晚饭吃鸡排套餐配菜有土豆丝和包菜。晚上洗澡。全天大部分时间阴天晚上开始下小雨气温较高。全天未出门更未去单位。未骑哈罗单车。衣服未洗。台报传媒杂志第四期暂时未校对。 ,2.48E-06
再也不在健身前吃饭了警钟为将死之人长鸣。 孤沽的微博视频 ,0.566461058
怎么才能把裁员说的清新脱俗还能在网上赢得一片喝彩 华为放弃平庸员工。 腾讯结构性优化。 百度鼓励狼性淘汰小资。 蔚来局部优化提高运营效率。 科大讯飞提前吃饭的员工需要被优化。京东淘汰掉因身体原因不能拼搏的员工。 马云未来每年将会向社会输出1000名在阿 全文,0.999971493
单位食堂周六周日本来是不提供夜宵的但明天要召开党代会所以有。 ,0.02327798
肖战加油 好好吃饭 一起走花路   肖战为你开小灶 恭喜开小灶喜提代言人 pick 关注转发本条微博1 月 14 日抽 1 位粉丝送出肖战限量周边明信片手账本 1 份据说转评赞原文会提高中奖率噢肖战 查看话题详情,0.997598607
肖战肖战肖战  以后也要多吃饭一起走花路 肖战为你开小灶 恭喜开小灶喜提代言人  和小桃来助力关转114日抽1位送肖战限量周边礼品 1份抱枕明信片手账本,0.997935461
肖战肖战肖战  以后也要多吃饭一起走花路,0.986529162
老照片没有互联网70年代人们这样了解资讯每天起床几件事洗脸刷牙吃早饭现在多数人估计都多了一项业务那就是拿起手机了解资讯。朋友圈也好新闻app也罢上班了也少不了电脑网页浏览一下。在80年代人们还少不了读书看报。网页链接 ,0.010101292
单位夜宵银耳汤、莲子汤、三鲜炒河粉、水饺、蛋糕、香蕉、苹果以及各种调味品和配料这是今天晚上单位食堂夜宵的品种。这是我在报社工作10年来最好的夜宵没有之一几乎都是我的最爱。无论是品种数量还是类别涵盖了主食、汤、甜点、水果甚至供应时间22至24点这三个维度都是不夸张地说 全文,0.999300679
小吃晚上7点多出门到楼下的台州特色小吃店吃饭一个爆浆鸡排汉堡一份麻糍煎蛋一杯香芋奶茶就这几样简单的东西老板却做了很久。价格还不便宜要17元。味道也不怎么样。以后还是少吃为妙。 ,0.461325865
吃饭正好聊到问一下你们大学的时候你们生活费多少哪个城市或者现在读大学的生活费多少我朋友说现在大学生生活费一个月四五千 我觉得25003000是普遍的 ,0.974227554
早安我简直不能再健康了自己在做早饭🥣昨天看你们评论褪黑素对我来说是真的非常有用昨天我入睡时间1点50的样子今天6点50神清气爽自然醒了心情超级美每个人用褪黑素效果也不一样失眠的朋友酌情考虑之前朋友吃之后属于睡得快但一觉起来昏昏沉沉也有人吃了不太管用的毕竟 全文,0.985786053
好呀在干嘛起床了吗我今天睡到十点才醒午饭吃的沙拉想再瘦一点见你的时候就可以好看一点。下午看了几集电视剧晚上买了超市的汉堡排来煎很好吃我吃了两块。你呢你今天几点起床干了什么又吃了些啥我晚上一个人躺在床上总是忍不住去想你起床的样子你看书的样子你发 全文,0.142594557
明天9点整抢音乐会门票、上午校对台报传媒杂志并去单位送还给主任、去超市单位元旦福利提货、单位食堂吃饭、中午12点抢回家车票、下午预约11日捐献血小板、跑步、洗衣服、拆快递包裹、网购、买书买杂志、去文化馆参观展览、上班、接收和打印供电公司书稿。 ,0.00706116
我经常在微博吐槽我家阿姨没想到就这样也撑了一年多了 在我家准备迎来第二个春节。阿姨是有很多缺点的比如做饭很单调以至于我们都不太想回家吃饭比如不识字带来一些不便比如耳背让我们都要大声地跟他讲话。但是阿姨也有一些打动我的地方吧比如前天我在房间睡觉阿姨带着夏夏从外面 全文,0.981548212
人就是一个完整的人既有眼前的苟且又有诗和远方。  拉屎放屁吃饭赚钱和读书写字画画泡茶并不冲突我可以同时一边喜欢小清新一边喜欢大jb不必非要给自己做一个切割。 ,0.999917974
昨天晚上在食堂吃夜宵时顺便问了一下时政新闻部的同事今年两会是在年后召开这我就暂时放心了。 ,0.294308512
夏酱的日托日常 今天的课程是给妈妈打扮呀夏夏也太专注了吧就是吃饭依然令人捉急 ,0.99804452
明天去路桥将台州供电公司书稿送还、单位食堂吃午饭、中午继续在椒江区总工会微信公众号上抢春节回家车票、办公室上网挂QQ、去影院看电影、关注和接听血站预约电话、去台州图书大厦买几本书、去中山西路服装店买裤子、洗衣服、晚上吃饭、去台州文化艺术中心剧场欣赏新年音乐会、回来继续跑步。 ,0.054164898
2020年1月9日本周最后一个工作日。9点半醒。11点出门去单位吃饭把昨天上午在单位文化服务中心买的一袋巧克力糖带去放办公室备吃。刚到楼下准备开锁哈罗单车接到电话说把供电公司的书稿发来让我尽快完成明天晚上送去接打电话过程中来回走动一个不小心额头还撞到了墙上。11点50分 全文,3.69E-05
午饭到单位食堂吃豆腐西红柿、洋葱鸡蛋、红烧冬瓜8元。洋葱太生不是很太熟太辛辣口感太差简直没法入口只吃了一点点其他全部倒掉了。 ,3.91E-05
这特么是喝了多少疯成这样港独还指望吸引外资来港。。。哪个国家敢投资金门三八线科威特想必是风险投资越有风险越投资噗哈哈哈哈哈哈哈 中午吃饭时看看挺开心的,0.999964916
今天周五打算早点去看老爸去看之前打了个电话给他。爸爸口口声声说让自己不要去但我坚决要去和他一起吃晚饭。没想到自己还在路上的时候就接到爸的电话说他在楼下等我顿时感触颇深。上次去看他买了个红薯和他一起吃完然后他送我到车站。每次都让我不要去可每次又是那么期待我过去。 全文,0.992616356
就如果真的和朋友吃饭玩清清白白对象要求视频或者拍照根本不会东扯西扯马上拍拍了发过去还要跟对方阴阳怪气一下怎么样查岗是吧现在满意了吗还要给我指定什么姿势吗心里不知道多得意。那种死不愿意东扯西扯甚至发火说你烦不烦一直查我的就是有问题不然真的要发火也会先 全文,0.000640828
冯薪朵 陆思恒新年第一瓜吃饭自己家 ,0.318554068
1双休日第二天。2作为懒癌症患者、拖延症患者、夜猫子早上真心起不来。8点半和9点时两次醒来很快又睡过去了。3下午去看了两场电影。4晚饭是煎饼果子放了油条、鸡排、火腿肠、鸭蛋、肉松味道真心不错。台州电子数码城北边的小吃排档区块简直是个隐形的美食圣地一直以来不显山不露水 全文,0.002029038
下午在路桥看电影。晚饭吃煎饼果子加鸡排火腿肠鸭蛋油条肉松喝绿茶。下午雨终于停了。 台州·洋官苑 ,0.25163926
上午十点出门堵车到图书馆已经十点半他爷俩公园我到图书馆还书然后忍不住又借了几本然后十一点跑步🏃到青岛银行更新证件然后跑步去公园陪娃。1120某人开车去西站要求赶十二点多的高铁🚄。从1308分开始到现在因为工作已经打了18个电话漏接了4个电话。在从吃饭到回家。其中一段 全文,0.995543839
我谈恋爱即便对方是大帅哥共同开销我可以付吃饭看电影开房甚至是旅游都ok。但是休想从我这拿到一分钱现金或者可以挂咸鱼的贵重礼物不可能微信红包也不可能。也不负担不和我一起的开销哪怕是帮点个外卖也不可能我不是工具人谁要给你当凯子追你妈追不喜欢我就滚。 ,0.000355301
今天的晚饭到单位附近的康平路一家新开的嵊州小吃店吃点了香肠炒饭分量少油放得少不怎么好吃价格还贵还是自己买菜做饭吃比较划算想吃多少做多少。 ,0.412616095
2020年1月13日今天还是阴期望中的放晴并没有出现一丝阳光都没有还不如昨天呢。已经好多天不见阳光了。上午10点多醒11点多出门去单位食堂吃饭南瓜、豆腐香菇虾干、番茄炒蛋10元。最近食堂的菜都不怎么样喜欢的菜不多不知道怎么回事。吃完饭到市文化馆诸子空间参观市文化馆文化超市 全文,6.21E-05
1椒江老城区的解放南路改造接近尾声最大的亮点或者说变化就是几幢圆柱形的商住楼外面增加了灯管晚上亮起来还是比较好看的也就是所谓的灯光秀。2下午去理发年前最后一次了。春节临近生意比平时更好了老板和伙计连午饭都推迟到1点多才吃。店里好多人候着要排队。还有的人来了一看要等很 全文,0.566896359
来运河吃饭遇到一群韩国模特太帅了妈呀又高又瘦。就算他们愿意跟我做我不把他们戳瞎我都不好意思脱衣服。真的感觉和自己不是一个物种没法做爱有生殖隔离那种。 ,0.264657725
2020年1月15日全天下小到中雨上午至中午有一段时间停1点多继续下。八九点醒。11点出门去单位吃饭红烧鱼、黄瓜炒蛋、豆腐木耳虾干、咸菜汤13元。吃完饭中午骑公共自行车去市民广场的台州城市规划展览馆参观。1点半回单位上网挂QQ吃巧克力给水壶灌满开水。近2点离开办公室去行政楼 全文,4.55E-07
生活中已经很少有什么人会让我愤怒了但有些开出租的司机是这少数人中的佼佼者。我和朋友们刚准备出去吃饭打了个grab相当于国内的滴滴我订位非常准确一个司机接单了我说你跟着地图走就行。他一会儿问我是哪条路我说我不知道路名但我的定位是准确的你跟着导航走。过一会儿他给 全文,0.825536432
我亲身试吃30倍辣有一说一巴厘岛的人早饭都是就着生辣椒吃的他们这里的地域辣真的和什么朝天椒小米辣不是一个量级吃完后的痛感让我体验了一把提前分娩,0.912962867
杭州美食超话杭州美食杭州美食推荐超话不可辜负的美食超话微博吃货秀超话鲜城杭州美食不可辜负的美食超话用美食说我爱你超话九甲里·老底子杭帮菜＋川菜开在西湖步行街这边的长生路99号。人均消费不高适合普通市民和游客吃饭。这里的杭帮菜做的蛮地道的咸笃鲜这道菜 全文,0.999992789
2020年1月16日上午10点半醒睡了近9个小时。11点左右起床去单位吃饭坐公交车去中山广场坐112星星广场下换108台州日报社站下时间还早先到食堂二楼打十几分钟台球11点50分许才下楼去排队。大白菜、花椰菜和麻婆豆腐7元。吃完到市民广场台州日报社站坐108市民广场站下参观 全文,0.941672073
早上判断今天预计收十字星还有半小时看市场给不给面子研究君 早盘走的你说别扭吧也挺别扭的毕竟拉起来一段没有人跟进你说很高风险吗其实也看不太到标准的反抽5日线量能没有跟上就下来了。估计今天就是一个震荡收十字星了如果能收根阳十字那是最好。淡定点吃午饭。,0.001061045
早盘走的你说别扭吧也挺别扭的毕竟拉起来一段没有人跟进你说很高风险吗其实也看不太到目前一个比较标准的反抽5日线量能没有跟上就下来了。估计今天就是一个震荡收十字星了如果能收根阳十字那是最好。淡定点吃午饭。,0.000767333
猪猪女孩的寒假真实写照每天睡到中午起吃饭就玩手机沙发上可以躺一天哈哈哈哈 ,0.60901836
过年见家长的保命方式 我去婆家的计划多吃饭少说话有事就喊老公我带娃你去吧。 ,0.379780096
巴厘岛旅游怎么玩我们聊一下别墅吃饭和一些出行须知。巴厘岛算是我第二个老家了这一年下来也积累了一些巴厘岛的别墅经纪人也零零散散体验了实地看了很多别墅所以经常有人问我巴厘岛住哪里哪些别墅好包括那些餐厅不错今天开个帖子稍微聊一下不断更新开篇有必要提 全文,0.669935176
哈哈哈哈哈哈哈哈哈哈哈哈哈哈哈哈哈哈哈哈哈哈哈哈哈哈哈哈哈哈哈哈哈哈老尤4杯红酒就喝多了阿琛问他你还记不记得你是哪个大学的尤我上上海上海吃饭痴汉大学的 ,1
某人过年礼盒是需要选择的人家直接一个链接过来选吧。作为一个标准吃货我自然选择了即食大礼包。而收到货以后某人抱着箱子在他妈家吃饭支支吾吾只说买的东西得抱回去。我心里很受用可是还是打开箱子一分为二一家一半。。看来是还房贷还的。而孩子 全文,0.706836434
我去做指甲了爸爸带着买的我也想说吃了不吃饭但是想想算了爸爸带娃妈妈闭嘴🤐️如果是我妈肯定会说 她不正经吃饭都是因为你给她吃这些垃圾  哎,0.931009673
带着微博去旅行超话带着微博去旅行杭州网红酒店打卡圣地民宿不可辜负的美食超话 在湖州的慧心谷住了两天远离城市喝茶 吃饭 散步 爬山 瑜伽 spa放空大脑 休息一下不愧江浙沪最值得住的野奢度假村吃完早餐回家旅行  湖州·湖州慧心谷绿奢度假村 ,1
开启假期模式。在好好做饭吃饭好好读书写字好好运动瑜伽中度过。 ,0.999295471
瘦子的秘诀真的就是不吃天生的不爱吃和后天养成的不能吃。我一位16095的朋友日料店只点一碗面一位176100的朋友晚饭只吃半杯豆花一位17490的朋友一天三餐吃一个紫薯。而我打下这条微博的时候刚从重庆暴吃了三天回来坐在沙发上啃双层吉士汉堡。 ,0.182802825
2019年1月19日上午9点半左右醒。今天是星期日但因为春节放假调休的缘故实际却是工作日。上午起终于逐渐放晴如此正经的太阳已经整整10天不见了。中午烧水洗澡、洗头。14日下午理发以来第一次洗头。中午依旧在单位食堂吃饭11点半左右出发骑哈罗单车前往萝卜丝红烧带鱼、番茄炒蛋、麻婆 全文,1.08E-09
心疼你们带她来一起吃饭吧,0.598952882
朋友离婚了搬来米兰和她一年没见晚上一起吃饭。我看到她就说你怎么离婚之后漂亮这么多是瘦了吗我以为她会说离婚之后开始认真工作健身社交穿搭重拾自己人生做更好的自己之类的话。结果她说我去抽了脂。 ,0.999990597
粗花广州上午还是公司述职大会死赶慢赶还是推迟了1小时结束我都快急哭了怕塞车怕迟到怕各种意外我挂个号很不容易的我和爸爸来不及吃午饭了夏夏已经吃过了但是还是在啃一根吐司边～看她今天情绪不错测过了有对视 ,0.696866769
早饭。 日本·深山樱庵Ryokan Miyama Ouan ,0.867541219
吃饭 ,0.533088235
有点懵逼我本来的意思是过年了留守深圳的小朋友们一起线下聚个会吃个饭啥的我买单怎么变成了一些人直接私信我自己吃饭的账单直接喊我报销 我不欠这些的人啊。本来感觉挺温暖得一件事又变得奇奇怪怪的怪我没讲清楚吧 ,0.104853793
给你们说个我去年暑假回国的真事。我当时刚回成都还有时差也懒得调整。外公外婆去瓦屋山避暑经过成都在我家住两天晚上到的一起吃的晚饭我说外婆年纪大了别做了出去吃去热炒店点了我爱吃的粉蒸肥肠和小炒肉当晚我卖力表演给大家盛饭倒茶嘘寒问暖说瓦屋山好不好玩下楼梯过门槛一定扶 全文,0.352740483
过年就是要一家人整整齐齐地坐在一起唠嗑 那种问成绩的 问工作的 问对象的 突然让人感觉超级温暖 礼貌答复就好 吃饭呢 也要好好吃 不要再盯着手机 顺手查了我国的平均寿命是77岁 你看人这一辈子 年是过一次少一次 还没有几天就要过年了 要开心喔 认真的去听听老一辈的故事 这年啊 吵吵闹闹的才像样 ,0.979031833
去饭店吃饭咋办估计也没人敢在里面吃,0.068183962
文献综述今天做晚饭的时候室友法国小哥过来跟我讨论武汉的疫情。我跟他说武汉今天上午已经封城了——所有公共交通关闭最新消息高速也封闭了。他说你们不是过Lunar New Year呢么这要是发生在法国政府敢在圣诞节前下令封城估计当天就得发生暴动也很难有哪个政治人物敢下这样的决心。倒 全文,0.29279189
从武汉回家的第十天没有症状自我隔离中病情爆发后再没出过门。跟家里人吃饭也分桌因为哪怕自己身体比较好要是万一有问题带给他们自己也要自责一辈子。  现在问题有两个目前病例都是武汉接触者算是第一次传播如果有未到过武汉发病的是否可以表明第二次传播开始了病毒是否会演变 全文,0.999996051
春节对自己的要求在家多睡觉好好吃饭不传谣不信谣不给ZF找麻烦管好我自己 ,0.013935611
前两天我在收拾行李考虑带一罐奶粉还是两罐阿姨说我劝你还是带两罐吧。我问为啥阿姨说你肯定没那么好耐心喂饭多喝点奶嘛。我据理力争我平常不是没耐心是不想强迫她吃饭而已阿姨呵呵。 夏酱家阿姨 ,0.003296172
春节假期第三天。大年三十除夕这一天其实比正月初一还重要。全天依旧下小雨一度短暂停但很快又下气温只有5度上下很冷很冷待在家里都瑟瑟发抖。吃过晚饭早早上床。8点半早起上午贴对联中午去饭店吃年夜饭下午用手机看看新闻晚上在家吃饭等着看央视春晚无论社会怎么发展们的 全文,0.998186419
穿这件衣服陪我爸妈吃饭还收了个红包哈哈哈 微博视频 ,0.261655456
应该是这个假期唯一一次外出吃饭了也就是咱俩的友谊可以做到 ,0.919744663
昨天做两个梦。第一个梦梦到自己去泡温泉所有人都穿了泳裤我全裸光屁股。第二个梦梦到吃饭有个人一直性骚扰我疯狂摸我大腿对方又很热情我觉得很尴尬不知道怎么试过wdy出来帮我解围。 ,0.858806752
我昏睡中途、接水半道、在客厅啃兔头的三十分钟里分别听到了长得好看的叫小姐姐长得不好看的叫X姐、国银Disco、不会说我爱你不记纪念日不让老婆上桌的伟大君人、相亲媒婆、女企业家被大哥成功教化我吃饭时间真的太长了该死 ,0.951830719
家庭主妇的一天真的很累中午饭忙活完了好不容易吃完了洗了碗换好衣服带娃出去溜达一圈回来又要准备晚饭了。但是我发微博主要想问莲藕需要一个洞一个洞清洗吗 ,0.071101592
而我们的早午饭是炒饭 玉米豌豆萝卜粒冷藏包那种牛肉粒鸡蛋葱花昨晚剩饭一炒完事好次 ,0.000196176
初二小雨树叶晃动了1693次吹掉了486片小鸟叫了167声飞来飞去196次。我家厕所瓷砖有200片地砖铺了166片玻璃18块木地板1065块家里大米有35214粒。雨一直下电影刚结束坐等吃饭饭  深圳·龙岗区老干中心 ,2.40E-05
素面朝天窝在家晚上小姨他们要回来一起吃饭了我问老公说我要不要化点妆呢毕竟他们也不是外人。老公看着我坚定地毫不迟疑地说要啊虽然是解决了我的犹豫但是有点伤人 ,0.99844936
昨晚吃饭和朋友们讨论一个话题一个男生朋友问在一段恋情中对方做到什么程度会被判定为劈腿。隐瞒有好感且密切聊天的对象隐瞒同时谈多段恋爱坦诚有喜欢的其他人坦诚同时谈多个对象其实不是的其实现在我身边很多女生朋友要的都不是唯一性了她们在乎的是被爱的绝对值也就是有没有满足 全文,0.999710709
打开腾讯今天的直播主持人都哭了。高中时候的午休晚饭时间和兄弟们专门挑有电脑、有WiFi的小饭店吃饭。和好几个班的兄弟挤在一起只为看一眼湖人队科比当天的比赛集锦截图了我所有社交媒体上关于科比动态。可是我再也没有下一个14年去追你了老大望一路走好。 沈阳 ,0.638929341
晚饭热了又热等了又等娃就是不吃中午吃了半碗方便面到晚上九点多。我都快放弃了最后还想奋力一博捧着碗坐在地上大哭起来呜呜呜呜呜。夏夏一看我哭了跑来抱住我。爸爸心领神会赶紧过来劝夏夏你看你不吃饭妈妈都伤心了你快吃饭吧。娃看我哭得情真意切终于动了恻隐之 全文,0.963536747
今天我有点感冒了吃完午饭就去睡了爸爸自己带娃。四点半我睡醒了爸爸赶紧过来邀功娃我哄睡了碗我洗了地我拖了厨房的地。玩具也收拾了夏夏的洗澡水我倒了我等等这也算一件功劳呐爸爸哎呀你听我接着说睡之前我给她煮了一碗方便面还有午餐肉弄碎了给她吃 全文,0.000429455
本来想让她今天别午睡了晚上早点睡。结果出去吃饭回来路上七点多在安全座椅就睡着了已经扛回家了。这下怎么办呢想来想去只好我也跟着睡实在不行半夜一起嗨吧 ,4.78E-06
我本来不太着急想着三月三假期回来再退房子的结果刚刚吃饭的时候我爸说还要多租一两个月有必要嘛。我就有点着急了 ,0.000386682
最害怕听到吃饭两个字实在吃不下了 ,0.125989978
我本只想宅在家里吃饭睡觉打麻将让日子好过点让心情平静点。网络授课谁能叫停 ,0.551051025
在小姨家吃完饭我留下来跟小姨打游戏爸爸带着夏夏回家给她加餐晚饭吃了半碗、洗澡、刷牙、哄睡这几天真的是练出了带娃熟手工我心甚慰。 ,0.99767474
今年年后见面求别嫌弃胖现在吃饭是最消耗体力的事情。 ,0.334924281
北方大城市将投放储备蔬菜 新型冠状病毒容易中招和规避第一电梯和按钮。电梯是没有过滤功能的高封闭空间如果病人打喷嚏刚好你进入十有八九麻烦。戴口罩按电梯按钮时候垫点面巾纸然后丢垃圾箱或者用袋子装丢掉。第二食堂吃饭。食堂一堆人吃饭不戴口罩风险极高。要避开面对面吃饭 全文,0.003228299
疫情结束我要打电话把没约的朋友都叫上 去喝奶茶一天喝两三杯不带睡的那种 一起去吃火锅蘸料弄得满满的 还要加冰粉 吃寿司就一口一点也不含糊 喝冬阴功汤 喝到嘴角发麻 往部队火锅要加超多辛拉面 更要吃超多炸鸡芝士年糕 夜宵吃巨多烧烤 看很多场电影抱着爆米花狂啃 还要吃甜品千层 更要有你在身边 ,0.999975762
神奇仙女这几天不吃饭还长胖了一斤脸豆圆润了。 ,0.118764035
今天吃饭的时候我朋友手机响了一下收到一条通知巴厘岛回国航班被取消了 ,0.002206103
吃饭的时候冲浪教练从包里拿出一个推子说我头发太长了好多白头发剃了好看我说这是不是不太好我教练说没关系餐厅老板我的朋友你脱衣服吧然后我特么在餐厅门口的剃了个头 ,0.680929906
2020年2月5日上午9点半左右醒睡了近8个小时。一早放晴全天阳光充足强烈是我年后回到台州后首次见到阳光。不久接全国公共卫生公益热线来电以第三方机构身份就我1月18日捐献血小板血站服务满意度情况作电话回访调查1分最低5分最高我给出5分评价。午饭吃奶黄包、烧卖和鸡腿喝一瓶250 全文,1.38E-09
初十四武汉封城第十六天隔离第十七天。全城都在悲痛中我们还活着可是他却不知去了哪里。我们都是普通老百姓眼里也只有眼前这点柴米油盐的日子可是今天在吃饭的时候有多少人都觉得难以下咽因为他不在了。你明白吗为谁而鸣为我们每一个人而鸣 ,0.995885062
饿了去吃饭,0.422496434
喂饭渣夏吃饭她肯张口吃了我感动得说谢谢你小姨在旁边当妈也太卑微了。我我就是卑微本人 ,0.889260301
中国诗词大会总决赛  恭喜彭敏有志者事竟成      这五季中国诗词大会看下来盘点一下喜欢的人物武亦姝、姜闻页、邓雅文、姜怡伶有机会很想请她们吃饭感觉雷海为比较励志彭敏比较执着     现在的小朋友们越来越能够发现我国古诗词的美好了这该当是我国 全文,1
你发现没 事情有得必有失 这个年 过的漫长且难 但我们总该找点乐子 趣事 开始慢慢放下手机 跟自己的爸妈逗趣 家庭的纽带有一种空前的凝聚 一大家子有着一致的奔头 宅下去 活下去 熬下去 这段日子最温暖的一句话啊 不过一天又一天的吃饭了 这样特殊的年 定能让人记一辈子 记住 好好珍惜身边人 ,0.999999826
分享一下夏夏的进步呀给我很多回应了超开心还自己有想象力了想象恐龙吃饭和拉屎了 小短腿夏酱的微博视频 ,0.999980753
巴厘岛一天我根本干不了几件事早上8点出门9点半下海冲浪12点上岸然后买个午饭到家估计要三点了吃完四点再去一次健身房基本差不多出来就直接吃晚饭了一天两场运动你基本就啥事都干不了了。 ,6.90E-05
让他们来玩微博抖音哔哩哔哩做内容吃饭就说李姨粉丝都两万多开始接广告了你呢拉个退休群每个月按粉丝量排名写段子学pr剪视频找素材写不出来剪不出来阅读量不高就给他们两巴掌。我那天发了个差不多的微博 查看图片,0.020993467
吉娜的腰这两个人吃饭也太搞笑了而且朗朗也很接地气吉娜说话自带东北味 追星女孩的日记的微博视频 ,0.873517168
有人问我第一次约会要不要aa非常不喜欢这个人你请客之后不太想有密切往来待考虑aa喜欢这个人让ta请客。这样下次才方便说你上次请我吃饭了这次我换请你吧天雷勾地火一触即燃一起逃单 毒魔咕 ,0.000565101
拉面馆1人1桌3面围帘心无旁鹜地专心吃饭谈事儿、谈恋爱、扯闲篇⋯全免 ,0.009859693
方响屁也很好玩我以前以为女网红都很傲娇心机很重她真的超级接地气而且是我人生见过最好笑的人非常放得开什么话都敢说。而且她真的是个atm奴我们一群人一起吃饭她非要结账跑着抢着结账不去结账不舒服人家外地来的地主之谊就算了我一个本地人陪我吃烤鱼她也非要去结账她都没吃 全文,0.312577449
今天食堂夜宵是三鲜汤年糕。有蛤蜊、虾和荷包蛋味道一般汤不是很热。 ,0.004035976
今天食堂夜宵不知道吃什么。 ,0.276534573
说几件昨天的事情一是晚上又开始下起小雨来不过雨势不大而且白天基本没怎么下到晚上才又下起来二是单位食堂夜宵中断数天后恢复供应今天是水饺超市买的速冻水饺数量没几个而且也不好吃不过食堂的酱油真是不错三是单位又发放了四个口罩这次发的是脱脂纱布口罩仙居县恒泰染织敷 全文,0.001180165
最近只要下午不用去上班吃完午饭就会在家躺尸一直躺到天黑什么都不想干不想看书不想看电影可我今年还有好多事情要做的现在趁着疫情比较闲应该行动起来的后面又怕没什么时间可我行动不起来这种懒癌拖延症的估计要死翘翘了。 ,0.001124443
今天食堂夜宵是鸡蛋酒酿汤圆汤圆是黑芝麻馅的又大又圆味道还行就是不太热。 ,0.000820027
如果明天白天不下雨的话计划中午到单位食堂吃午饭然后吃完饭去欧尚超市买餐具、厨具、大米、面条和调味品如电饭煲、炒锅、电磁炉、锅铲、菜刀、刀板、碗、筷子、盆、食用油等。下午回来再把衣服洗了。出发前烧水洗头刮胡子。 ,1.41E-05
女儿最近吃饭又乖讲话又好如果不是不能出门简直想去庙里还愿🙏 ,0.617371435
驴友超话夜宵的正确打开方式 ,0.884471352
昨天有个人冲浪的台湾人几乎是赢得了全体学员和教练的恶评懒到出蛆一口黄牙四十岁了带着撒娇似的台湾腔令人作呕我认识的台湾朋友没一个是这样的。昨天吃饭的时候还在谈论大陆的言论自由真的很好笑有种瘪三讨论有钱人痛苦的僵硬滑稽感。 ,0.999997634
饭卡超限晚上去食堂吃夜宵时顺便刷了一下饭卡果然这个月的补助已经打进来了刷卡机屏幕上现实乱码。真是麻烦。本来我是准备年后一回来就去文化服务中心买点零食的结果因为疫情影响一直没有开门营业因为持续阴雨天气寒冷和下班晚起床晚等原因食堂也只去吃过一次扣了10元这还不够。 ,2.91E-08
夜宵·年糕今天晚上食堂提供的夜宵是汤年糕配有蛤蜊、虾等但分量很少而且没有荷包蛋。汤倒是蛮烫的但味道实在是太淡了放了很多酱油、醋和辣椒油调味否则真的没法吃。 ,0.021299372
夜宵今天夜宵不知道吃什么。 ,0.880542487
发夜宵晚上我们部门给每个值夜班的员工发了一袋吃的东西真是意外计有两桶康师傅大食桶方便面香辣牛肉面、一个苹果、一罐银鹭桂圆八宝粥、两个达利园牛油味牛角包、三盒光明莫斯利安原味酸奶、四块黑芝麻萨其马6种13件东西。 ,0.992478055
吃饭下午到晚上先后吃了一个烤地瓜、一桶方便面老坛酸菜面、一个茶叶蛋、一根火腿肠、一袋真空包装的海带、一个苹果、一根烤肠、几根小麻花、几块桃酥。 ,0.005590323
这场大疫情下每一个普通人的小生活其实很有意思。之前你打开社交软件游戏、旅游、探店、美甲、酒吧精彩各有各的精彩无聊却是一样无聊。我看到一些跟我一样不会做饭的朋友被生活逼着搞起了黑暗料理。普通人被困在家最大的影响就是吃饭问题。其实透过大家发的东西基本可以看到每个人 全文,0.999962973
潜规则42条建议收藏1 去别人家里不要坐在人家的床上。2 在酒桌上与别人碰杯自己的杯子一定要低于对方的特别是对方是长辈或领导。3 晴带雨伞饱带干粮——未雨绸缪总是好的。4 如果问别人话别人不回答你不要死着脸皮不停的问。5 吃饭的时候尽量不要发出声音。6 捡东西或者穿 全文,0.525697435
黄燕玲   黄燕玲今在否      不过向来都对新Jing报的报道很有意见他们是一群吃饭砸锅的分裂症患者动机上很有问题      黄燕玲如果还在的话现身说法会是最好的回应🙏      确实应该加强对生物、病毒研究所毒株的管理了尽管我们已经是国际上做得比较好的了但兹事体大更严一 全文,0.194110252
耽误圆宝吃饭了当然是生气。,0.133117814
Z窃钩者诛窃国者侯不会人传人不失信不是非典不失信训诫真话不失信一家人有一个姨就是台湾特务不失信108亿口罩不失信四万人吃饭无人感染不失信——而不听话就要上失信名单。亲眼见证信用一词信用破产是为当代汉语的一个奇观时,0.996063235
我有个女生朋友很久没见一起吃饭穿很风骚出来🐻大了很多。我说你这把年纪干嘛突然去隆乳。她说很痛的是增生。 ,0.543754413
今天单位食堂夜宵是水饺。速冻的一点都不好吃。 ,0.184256573
老公吃完饭就去加班了我今天带了大半天喂完晚饭腰都要断了卑微地请求小姨支援得到首肯后赶紧让阿姨带过去了嘿嘿嘿。如果我家阿姨是那种菲律宾保姆就好了我看朋友的菲律宾保姆会早教太羡慕了。 ,0.963777394
今天食堂夜宵不知道吃什么希望别再像昨天那样还是吃水饺。 ,0.284549966
小和尚问方丈什么样的人是佛方丈答壹说话不急不慢贰吃饭不咸不淡叁遇事不怒不怨肆待人不分贵贱伍得失很少分辨。小和尚不信就这么简单方丈说就这么简单。小和尚那不都成佛了方丈说至今我尚未遇见阿弥陀佛慢慢修吧。早安近4万包卫生巾运抵武汉 全文,0.001593503
突然发现昨天早上吃的香辣牛肉面中午阿宽面皮晚上李子柒螺蛳粉一天都没好好吃饭 ,0.22125686
第一次看到堵车会开心  第一次看到堵车会开心     街道冷清肃杀已久再次看到车如流水马如龙当然是开心的堵车、车位难寻和吃饭排队等位子原来都是经济繁荣的标志呀     失去了再找回来忽然感觉有一种要珍惜的感觉是呀人间不能够没有烟火味      也许再 全文,0.999845494
年糕今天食堂夜宵又是三鲜汤年糕最讨厌吃年糕了因为汤汁等不能入味口感很差又是糯米制作而成不利于消化。有黄花菜、虾、蛤蜊等味道一般特别是虾感觉像是坏了一样汤也不是很烫。 ,0.000333472
试试能不能发照片了每天在家潜心做饭用心吃饭 ,0.496674854
在这里三个老人三个小伢就我一个年轻人。我娃最小什么都跟着姐姐们学分不清好坏。我娃都变野了爱哭闹爱吼叫我几乎天天要跟她干一架她才老实。刚吃饭时娃又闹我不依她奶奶们慌了我说了几次不要管她奶奶们手忙脚乱地要哄她娃也变本加厉还打破了饭碗屋子里乱成一团我控制不 全文,0.392095409
欢迎大家来找我吃饭今天換了一道菜请问是哪一道 ,0.004513074
做了个很像电影的梦。在大城市工作生活跟认识多年的姐妹合租结果因为一个很小的问题闹掰。因为还一同认识一个老板一样的人物那天正好在老板那里姐妹也来说她认识一个人准备结婚大佬说请吃饭庆祝借口有事离开结果在离开之后先是遇到抢劫后来还他喵是枪战了被救出来时正好是黄昏走 全文,0.999939993
●食堂夜宵都忘了吃本来打算10点半左右再去结果忙着校对版面等忙完一看时间都已经11点多了已经超过夜宵供应时间了感叹这时间怎么过得这么快●今天生物钟也有点乱一度以为是星期六到中午才想起来还是星期五。可能和昨天晚上再度失眠有关大家都在睡觉的时候睡不着白天又睡不醒另 全文,0.001009115
今天夜宵不知道吃什么。 ,0.671794072
单身日记3其实这个时候我已经订了去博洛尼亚的住宿和车票插画节要开始了。订票的时候我问了下佛罗伦萨男孩有没有兴趣一起说我反正订了住宿一个人住也是住两个人住也是住他自己买车票过来就好了。博洛尼亚在佛罗伦萨和米兰的中间。他说好。下午我去和小华侨吃饭我们约在duomo第 全文,0.002037446
磕盐博主最近考研初试开始成绩查询晚上跟同组的一位学长吃饭偶然聊到彼此考研的经历许多年前模糊的细节竟然开始变得逐渐清晰起来。想在这里写写二三事。我在2010年和2011年参加了两次研究生入学考试第二年很惊险地考入了亚南院。我本科所在的院校并不是传统意义上的学术名校三本虽 全文,0.999999999
今日午饭 ,0.790850056
午饭吃炸酱面、卤蛋和酸梅汤晚饭吃鸡蛋香肠培根虾仁炒饭。 ,0.146524093
夏夏最近饭量大了我让阿姨晚餐都要多做一个肉了。昨天爸爸不回家吃晚饭我和阿姨和夏夏吃。阿姨解冻了十个鸡翅我去厨房看到我说不够吃吧阿姨夏夏三个 我三个给你四个你还不够吃啊我说我一个人要吃八个。阿姨将信将疑解冻多五个最后我吃了八个夏夏吃了四个阿姨吃了三 全文,0.691813825
今天打包了一天货腰都废了五点半回到家就累到睡着了。老公喊我起来吃饭我说吃完你让我继续睡我就起来。他说你当然可以睡啦。我说那娃谁带。他说我带我带。我说好吧那我起来吃饭了。怒吃一大碗米饭三碗汤七个鸡翅两个牛肉丸若干四川腊肉。现在摸着肚子仿佛孕妇后躺的姿势躺在床上。 全文,0.004932734
现在每天就是十一点才醒开始赖床打游戏看视频刷段子综艺电影电视剧饿了吃饭馋了零食渴了饮料也只会和我喜欢的人玩即便是无聊我也不想接触无意义的社交。 ,0.9503179
今天食堂夜宵又吃汤年糕发现食堂厨师真的很喜欢做年糕。和以往去了还要等不同今天已经做好几碗放在窗台上了去了端过来就吃放了酱油和醋食材有蛤蜊、咸肉干、金针菇、虾等味道不好也不坏。 ,0.028954854
夏夏给大家表演个吃樱桃🍒跟以前的吃饭视频一个系列的 小短腿夏酱的微博视频 ,0.989992902
同问老师孩子头汗多胃口也不好不爱吃饭很瘦。我女儿就是身上没汗头上汗特别多谁问老师推脾胃怎么推,0.993725445
请过我吃饭的我是不会还钱的但是可以和你睡觉。 ,0.172191364
给你们说我有多荒谬。之前喜欢想睡一个小男生人家不喜欢我我坐火车跑过去找他请他和他朋友吃饭然后他请我喝了咖啡。我说来米兰找我请我吃饭他说好。然后我找他那个被拒来了米兰也没找我也没请我吃饭。晚上睡觉刷手机又看到他头像气不过跟他说把饭钱给我。他然后把 全文,1.66E-08
在单位食堂吃饭菜里有虾干随手发了条微博立马就有人向我推销自家产的虾干前几天吃了手剥核桃发了说说可能有人看到了今天又有人加我QQ要向我推销山核桃。我真服了这些人。 ,7.88E-10
吃晚饭前爸爸带夏夏下楼玩衣服也是他搭的。回来我问他玩得开心吗爸爸咱们女儿啊真是我真是什么爸爸真是毫无界限感人家一家三口在那里扔球她跑过去杵在中间两手一伸给我给我～小弟弟真的把球给她扔她又扔不了半米远。还有人家一群三四岁的女 全文,0.998958521
隔离第二天吃饭是大问题 廊坊·恒盛塞纳河谷 ,0.194486514
突然想起来我小时候在潮汕街上很多乞丐去买菜一路上能遇到三四五个很多就趴在地上的出去大排档吃饭要一直躲着过来乞讨的人。后来10年左右去深圳玩也是满大街都有各式乞讨人员有的是卖艺的求路路费的。但是自从来佛山真的没有印象路上有乞丐这个职业。是城市管理问题还是乞丐在这里 全文,0.665419358
我以前date有一个小男生喜欢打游戏不按时吃饭起床第一件事是先开电脑饿了就随便吃些吐司。我觉得这样不行不好他这样生活有问题我每天到时间给他做饭做好之后他连来饭桌吃饭也不坐在电脑面前吃完把碗一放我又去收了来洗。我一肚子怨气和他大吵一架。后来和朋友聊天我跟她 全文,8.07E-05
昨天微信群里说拼团的n95到了我出门去拿带了一个我室友给我的一次性医用口罩。地铁人少了一些但还是有人站着我看到的意大利人没有一个人戴口罩。拿完口罩我去我朋友家吃饭她们俩从疫情开始到现在一直没出门买了巨多零食在家。我坐公车过去下车往她家走的路上还能看到意大利人坐 全文,0.986843952
有被安慰到我娃九点半吃的早餐1130我问人家中午想吃啥我好准备。坐在地上崩溃大哭刚吃过饭啊怎么又要吃饭每天都是你们吃吧不用管我我饱着呢。三岁半的娃98cm30斤不到,0.007153616
喂女儿吃饭不是气死就是困死喂一勺等半天等到花儿也谢了没办法二胎了耐心全在这一个消耗完了。 ,0.040202574
吃饭的时候阿姨循例开始说今天买的菜多贵排骨五十几买了一条鱼给夏夏吃28。我跟老公说你说菜价这么涨下去那些一个月赚三四千养活一家人的可怎么办。生性乐观的阿姨有什么怎么办的有多少吃多少呗以前一顿一条鱼现在一条鱼分两顿吃呗。 阿姨紧接着汇报我今天买了一个新拖把了 全文,0.028344054
到成都了海关特别严格见到我爸的时候他已经在机场等了很久。在车上我问他爸我到家隔离之后你是不是每天把饭放我卧室门口就走。我爸说怎么会呢我跟你隔远一点吃饭就好了一家人总不能饭都不吃一起吃你又没发烧没事的。我说也行那你买个透明塑料板搁在我俩中间我们看得到对方但是 全文,0.070030165
八点半吃晚饭晚饭吃多25下午还有吃零食。吃多了动的少了。106→114是有原因的🙈 ,0.166520393
我真的觉得靠男人吃饭或者自己努力工作没有高下之分都是本事都要受气也都不轻松。但我为什么觉得女孩最好自己工作不要靠男人因为大部分女生的情商智商来说不具备从事靠男人吃饭这个职业的情商智商以及专业素养空有一张脸和青春换几个包几双鞋几顿饭然后就没了。不是谁都能当可可香 全文,0.977483095
没有遇到过饭渣娃可能不太理解。常见的就是建议就是让我别给她吃零食但是夏夏也不爱吃零食基本上很少吃零食除了外出我会带着哄一下。还有就是很多妈妈说饿一下就好了夏夏去年上了四个月日托班清晨六点喝一顿奶吧起床吃半个鸡蛋有时候早饭也不吃然后去上学中午基本不吃下午茶点 全文,0.758138743
所以他值得喜欢演技又好三观也正换句话说正是因为他有演技他不靠粉丝吃饭所以他不怕得罪粉丝不喜欢什么做法直接就表明态度。某些流量业务能力和获得成就并不匹配业务能力不足以获得现今的地位还不是靠狂热的粉丝捧出来的所以不敢得罪粉丝各种迁就纵容粉丝。,0.999999643
好消息我们签证过了等雅加达那边最后一个批示就剩下最后一波敲章了运气好的话周末能拿到下周就能回国。现在上海情况怎么样落地隔离14天吗吃饭咋办都是喊外卖吗这次是真的下周就能回国了下周回国一定 ,0.056764788
最近很忙忙着跟韩老师打磨十年铁杵计划忙着备考还有一日三餐和家务还有个不能上幼儿园的娃感觉充实又有点觉得好笑这么忙让我都不敢相信。也更让我觉得每天都很珍贵所以即使这么忙还是想抽出时间记录每天的小事珍惜当下。点滴小事 早饭时我举起杯子喝水时 全文,0.999999865
搜人五把最近24小时的都看了一遍几乎都是骂我的。确实我是一个网红博主靠微博吃饭流量赚钱不应该对粉丝口出恶言也不是真的可以想说什么就说什么。但很多人是喜欢我对一些事情的看法关注我的。又因为我对一些事情的看法取关我我也觉得这很正常。我说的想法与对方相同的时候他们会说 全文,0.84654343
明天要做的事情早起、去单位食堂吃午饭、去台州晚报编辑部取需要校对的书稿、去台州城市网领取抽中的口罩、去欧尚超市买零食和水果、洗衣服收进衣服、还中信银行信用卡账单和花呗、整理书、参加阅读马拉松活动、上班、下班后把放在办公室的一个苹果带回。 ,0.318419273
那天大家一起愉快地吃了一顿早饭但是都没有人提醒我假睫毛飞了一半 ,0.714090401
吃完晚饭出去散步 ,0.965568352
明确和老铁说早盘有量没大风险别慌铁粉们午饭后集合点圈赞多互动多留言多点赞微博最新的玩儿法就是只有这样你才能成我的铁粉。。。后期我会推出很多仅铁粉可见的深度干货抓紧变铁粉现在还来得及 点赞后留个言看看自己的留言左上角是否有铁粉字样 全文,0.981967607
我写这个纯粹是一个记录记录肺炎下自己的所见所闻并没有别的意思也可以理解。也是因为理解我不想让别人紧张所以选择没吃饭。大家看就看我相信大多数人在这种情况下都会做这种选择不用批判也不用安慰我或者劝我我没有情绪觉得挺有意思的。,0.998840944
饿了我午饭是12的南瓜宝宝还是叫贝贝南瓜啥的。,0.802723765
当代辣妈等级表我爱旅行爱自由爱生活爱你们 你们最好自己吃饭自己睡觉自己收拾玩具别惦记我的吃的把该干的活干干好乱发脾气可不好你哭你的我只当听不见 ,0.998704697
说实话我真的有点懂外国人不戴口罩和歧视戴口罩。这个行为当然是不对的。但我在法兰克福机场周围的外国人全部都不带口罩正正常常地样子包括服务台、换登机牌的值机人员和打扫卫生的清洁人员。大家聊天逛免税店吃饭喝酒真的觉得这个世界一切如常人会放松。我一个人带着口罩觉得 全文,0.906711908
刚被小滑头摆了一道我在吃饭呢她拉着我去玩我说妈妈肚子饿饿要吃饭你不能不让我吃饭吧夏夏听了犹豫了一下被我道德绑架成功。然后摸着自己肚子说肚子痛痛。我一听居然会说自己肚子痛痛了是真的假的呀也不敢怠慢赶紧抱起来摸摸肚子但是看她又不像真的痛。我说是不是 全文,0.383061851
饿了。嘤嘤嘤了一下发现不如不饿的时候好听你们吃啥夜宵了 ,0.09618312
经历了近两个月的变形记作息时间变得格外规律每天900起床打卡、930吃早餐、1000画图、1600出去锻炼、1900吃个晚饭逛逛超市。最近出汗量巨大早睡早起身体棒棒～ ,0.999720232
今天晚上6点整 我在家 等着与大家 直播连线哦吃完晚饭来见面吧电台 和我电联666～～   ,0.118653665
突发福建泉州宾馆倒塌有人员被埋今晚7点多福建泉州鲤城区南环路的一家宾馆倒塌现场有人员被埋。据目击者称事发时自己正在家中吃饭突然听到一声巨响还以为是爆炸跑到阳台看发现对面的整幢倒塌了。目前救援人员已赶到现场搜救。 ,0.997928805
双休日第二天。雨停放晴气温回升。早起去献血。午饭在血站食堂吃。中午回来洗衣服。全天未去单位。 ,0.003948123
每天七天起床先给自己做点东西吃然后洗个澡 敷面膜眼膜和豆豆玩会然后激动地等爸爸起床起来下一会五子棋军棋然后和妈妈一起做午饭吃完饭陪爸妈一起看电视在院子里溜达会然后激动地等晚饭吃完晚饭准时困了上床睡觉最近每天都是提前养老般的生活这就是周濛濛的一天 ,0.37931414
是来娶我呢来了来了朱一龙从地球出发ELLE4月刊,0.998071786
学会了为什么以后拉我去玩玩具我说妈妈在吃饭她说为什么为什么要吃饭天问。我让她收玩具她说为什么为什么要收玩具仿佛想起了小时候质问我妈为什么要叠被子反正晚上还要弄乱的自己。 ,0.580443739
伍佰老师的突然的自我有个妙处就是在live版里有两句来来来喝完这杯还有一杯～～喝完这杯还有三杯我爸最喜欢这首歌的时候每天晚饭后都得一手拿杯一手拿酒跟着唱两遍一个月后歌儿唱得接近原版腰围也粗了一寸。 ,0.998291309
今晚吃饭前跟她一起涂色第一次涂色做得还不错看她认真的小舌头👅 ,0.967960304
你们在吃夜宵吧然而我到清迈的第一天就开始运动了 ,0.640805615
今天食堂夜宵是鸡蛋酒酿和蛋糕但是我去的时候蛋糕居然没有了不知道是被一些人多占多拿了还是本来提供的就不多。酒酿味道还是可以的特别是比较热不像以往总是微热。 ,0.059760246
吃饭拍照这个事儿其实是很容易分清楚的。每次吃饭前我基本都会礼貌性的我问一下有没有人要拍照鸭～但因为热爱生活拍照记录和你是个土鳖这是两码事儿也很容易分辨。上次聊起我很欣赏的一个女生叫滴滴不知道你们还记不记得滴滴她基本没有自媒体社交活动但他每次都会拍但她也就意思 全文,0.999903202
第一天妈 我帮你刷碗吧哎呦濛濛太乖了真好来 亲一个第二天妈妈我来刷碗吧好呀谢谢濛濛第三天我还在一边吃饭一边看电视妈妈今天谁来刷碗我我来吧妈妈第四天我吃完想躺沙发上休息一会妈妈你先去把碗刷了周小濛 ,0.62955035
下午吃芒果。晚饭到便利店买了一块鸡排和一个红糖馒头当晚饭带到办公室吃。 ,0.683665963
看你了你上次说的回复现在我鼓励娃子主动关电视这两天晚上有效果比如昨天晚饭前跟小孩说好可以看电视但得好好吃饭并且外出散步后再回来看并且到时间得自己关电视。然后执行力很好1840吃完饭外出散步到1940小孩回来看到2015准时自己关掉。感谢奶舅,0.981081774
小孩子们从来都是最享受当下洗手的时候认认真真的洗打出泡泡欢喜的玩儿一玩儿嘻嘻哈哈刷牙的杯子掉在水池里漂起来真好玩开心的笑走路的时候看到地上的小虫子蹲下来数一数它有几只脚大人们总是催促快些再快些饭要凉了上学要迟到了刷牙的时候想吃饭吃饭的时候想上班上班 全文,0.897851982
愿神看顾武汉湖北人民的生活吃饭出行工作需求求神使湖北人们生活能尽快恢复正常神呐这次疫情湖北武汉的人民付出很多求神怜悯看顾拯救他们生命认识你的同时愿你怜悯仁慈的名在那里传播求神看顾他们生活正常的需求即便因为疫情今年经济会有些难但求神使人们都有工作满足人们的基本需求 全文,0.99999999
看到很多关于武汉及湖北其他地区普通人吃饭的报道我突然意识到在不知道他们正在经历的苦难而向他们高喊加油真的是一种伤害 ,0.999970025
圆宝我只是饿了等吃饭。😍,0.335350304
今天是抵蓉居家隔离第七天回国第九天水银温度计五分钟腋温365耳温枪耳温371。在家考古SHE的演唱会youtube用不了还好有bilibili午饭外卖点了蒜苔肉丝和蒸蛋物管帮我放在门口我不用出门打开门拿进来就可以吃背了30个fffp2口罩回来一个没用。想剪头发想逛街想买衣服没 全文,6.91E-08
戴口罩吃饭就算了就是觉得应该留个洞喝奶茶🥤迷雾行走我来表演个戴口罩吃饭。,0.999978612
→为了解决这个问题我带着手机下楼加了遛娃的妈妈们的手机搞了一个小区的妈妈群。然后小区差不多大的孩子就3个妈妈带3个孩子或者4个妈妈带4个孩子。小孩一起玩玩具共享买菜也共享妈妈一起摘菜轧是非。白天妈妈轮流烧饭大家轮流吃饭。车轮式喂饭小孩抢饭吃,0.999879614
昨天下午出门本来要去吃饭然后上班我跟夏酱爸说没什么衣服穿夏酱爸马上掉头去商场带我去买衣服。我说我们怎么这么幸福啊可以做自己想做的事情有自己的时间。夏酱爸说幸福的秘密是自由自由的秘密是勇气。这两句话细品说得太好了太贴切了如果我没有自由我不可能像现在一 全文,1
今天食堂夜宵不知道吃什么。千万别又是年糕啊 ,0.059184002
我肚子咕咕叫的声音是大自然最动听的声音之一这意味着吃饭的时间到了。 ,0.031220791
一个思考有效 ≠ 上策之前提过夏夏同理心很强只要我装哭她就会因为怕我难过而配合我的要求比如我一哭她就吃饭我一哭她就关电视我一哭她就自己收拾玩具。但是在我总结出她这个特点之后我就极少利用这一点去让她顺从我了。宁愿用一些比较没用、低效率的办法比如讲道理啊、等啊 全文,0.998918677
全球疫情意大利疫情 居家隔离的第二十五天前天看电影有个片段是警察上去受害者家吃饭受害者的妈妈问警察眉豆凤爪汤啱饮呀突然想起很久没有煲汤了所以今日份给自己简单煲了萝卜排骨汤加了凤爪和菌菇。我不确定加凤爪会不会串味但是就是想加 全文,0.999753044
今天夜宵不知道吃什么千万别又是年糕和水饺了。 ,0.232705612
不是不重视宣传而是太重视宣传导致不惜一切手段也要抢占舆论阵地。有人说革命不是请客吃饭就有人说不能以彼之道还施彼身。最吊诡的是每一方似乎都有完整的论据支撑自己的理论所以只有历史才会告诉我们谁对谁错,0.081101411
归国隔离日记第四天除了时差还是很重之外身体一切正常。昨天晚上楼管通过微信通知我所在的隔离点已经可以开始点外卖。推测是因为已经食宿费用自理已经给了隔离人员选项是否要统一配送餐食那么自然也要给自行解决吃饭问题的选项。但是同时提出了两点要求1烟、酒、火机不予以配送 2  全文,0.02985191
饭渣自己吃饭啦 小短腿夏酱的微博视频 ,0.564944545
双休日第二天天气倒是晴好就是依旧刮大风白天较热。午饭吃土豆腊肠煲仔饭。6点到办公室上会网。 ,0.012743811
多希望有更多课代表这样相互帮助奶舅可以多点时间休闲娱乐已经没时间娱乐了这题我会可口的饭菜 自主进餐 多锻炼消耗体力奶舅我家宝宝两岁多一点不喜欢吃饭每天只吃一点点怎么办,0.999989643
起床吃饭饭了～ Crrrrsh的微博视频 ,0.387370662
夜宵～一定要在最安静的时候吃甜点～是幸福的味道～哈哈哈哈哈 ,0.999352439
食堂的夜宵三鲜面真心不错。青菜、蛤蜊、虾、荷包蛋、汤汁。不过这在很大程度上也和厨师有关同样的食材、工具、步骤不同的人做出来的口味可以差别很大。 台州 ,0.982260538
女生买东西时的逻辑1000块的衣服可以买  6块钱的邮费不行超市东西可以买差两块不包邮不行吃饭三五百ok外卖没凑够满减不行旅游吃大餐很赞不提供免费茶水no way ,0.00043808
才发现没有吃晚饭 ,0.342170428
真的说起来挺凄惨的我这辈子就没被女孩子追过所以我也不知道这是啥感觉当然也没有这种烦恼但我倒是被男的追过还被骚扰过。之前我大学有一个室友我和他认识很多年了我们当时都是辩论队的一起训练平时也一起出去玩儿晚上一起吃夜宵一直待在一起。我之前问他你是不是gay啊因 全文,0.969879307
2020年3月26日昨天晚上因为等稿到凌晨1点10分许才下班1点17分签退骑车回来1点37分进门2点47分睡。上午8点一刻左右第一次醒不久又继续睡再次醒来是9点多睡了大概7个小时。上午9点01分收到血站发来的24日捐献血小板检测合格短信通知昨天即已知道结果。午饭吃土豆腊肠煲仔饭两样 全文,4.13E-11
晚饭我激动地和叮当奶奶交流妈萧山甘蔗要17真是太贵了 叮当奶奶抬头诶呀你不知道戴村今天甘蔗20了 妈呀这个涨幅。,0.894976352
昨晚一直梦到前任。不是一个梦梦到他是反反复复醒了好多次一睡着又是他这会睡下去他给我打电话叫我吃饭醒了上个厕所再睡下去他叫我上课无论醒了多少次睡下去都还是他鬼打墙一样自己都想跟自己说到底有完没完。 ,0.000508404
濛濛你明天要干嘛我要出门去干嘛不告诉你我可以送你我要去华尔道夫你去华尔道夫干嘛你管呢我不告你你要去那吃饭我没准可以帮你打折啊真的吗我去吃下午茶哦～原来是和朋友约了下午茶那妈妈你能帮我打折吗不能 不值得 全文,0.030728422
每天吃饭的时候刷安家最近看到和小提琴初学女孩家和神经衰弱男家因为噪音打架的情节剧里那跑调的琴声是真的很折磨人 想知道小时候学弦乐的同学们有没有被邻居敲门投诉过。 ,0.815650023
摸鱼日记今天给自己煮了个不正宗火锅粉尝了尝味道有点淡又加了一坨火锅底料作死辣穿了我觉得在座的各位没人可以忍受这个辣度点了一个草莓🍧满满一口冻到牙齿打架今天外面好像还下雪了手脚冰凉猫猫睡了一整天在考虑要不要叫他起床吃饭 ,0.000376013
奶舅被迫营业25评论抽5元中奖体验养育误区事倍功半的叠音词生活中经常看到带3岁以下小孩玩的时候家长会用吃饭饭、喝水水、睡觉觉这样的叠音词。不少家长会认为用这样的方式可以跟小孩拉近距离还有一些家长会觉得这样小孩更容易理解。但其实在奶舅接触了上百个幼儿案例之后发现 全文,0.999999787
在意大利的时候半夜一个人睡醒打开手机常常会觉得后悔。现代人的关系好脆弱软件上加了好友聊天见面吃饭做爱也开心过互相喜欢过一吵嘴斗气想着谁也不是没有谁不行微信一旦删掉就再也找不到了。本身就是永远都不会有交集的人不同的朋友圈子不同的学历职业不同的娱乐消 全文,0.238029634
2020年3月29日双休日结束今天开始上班。转眼间就是3月底了清明小长假都要到来了。上午10点多醒主要是昨天睡得晚到凌晨3点45分才睡。看新闻才知道前天是什么世界戏剧日昨天是地球一小时活动日后者是知道的只是忘记了前者倒是第一次听说真是什么事物都可以拿来设立一个节日。午饭 全文,0.005793109
下午上班前突然很冲动想去吃一碗辣辣的南霞牛肉粉说去就去了。牛肉还是嫩嫩的很好吃但是我不喜欢老板娘打量我的眼神并且认出了我的工作所在地并且确定我的工作并且确定我这个时间是否要上班到吃晚饭的时候也不饿潦草地吃了碗稀饭。不喜欢这次吃面的经历下次不吃了。 ,0.282801098
今天对接了一大堆工作同事都回家带娃了回到家感觉累吐了夏酱爸也已经连续通宵了两晚了断续只睡了几个小时吧指望不上他了于是吃完晚饭我眯了半小时就赶紧起来陪娃。没有精力跟她做游戏了就先抱着她陪她看了一会科学动画片然后给她洗澡最后陪着她学了会儿英文算是实现一 全文,0.996130228
总结一下昨天周一上班的第一天我们三位妈妈妈妈一号来了一上午中午12点回家喂娃吃饭哄娃睡觉了。妈妈二号带娃上班为避开地铁高峰十点半上班四点半下班。妈妈三号我本人十点上班下午把娃带来工作室一半沟通一半陪玩发现毫无工作效率所以我每天都在纠结是把娃带去 全文,0.925176188
新推出的国民党江启臣主席的网络广告形象你觉得应该给小编加个🍗还是应该让小编午饭只喝矿泉水算了 ,0.262030981
胡苹果好会阴阳怪气哈。中午吃饭叫服务员下菜服务员半天不来最后来了他跟服务员说算了我们自己下吧感觉你也挺累的。 ,0.001383704
不可辜负的美食超话新浪美食品鉴团杭州美食推荐杭州探店分享杭州探店超话杭州美食杭州美食超话不可辜负的美食 晚上跑去这家叫七坊八巷市井火锅店吃饭本来不抱什么期待结果很好吃诶。比之前体感很差的某网红火锅好很多。整体式怀旧市井风格五颜六色霓虹灯氛围干干净净 全文,0.999999973
前天晚上方响屁说中午一起吃饭吃兔子结果中午她整个消失电话打不通微信不回快两点才说她醒了三点才到。我一见她就说你知不知道我们等你多久你说的中午吃饭又不接电话不回微信吧啦吧啦她真的马上在春熙路新世界百货外面那个大十字路口对着我下跪。吓死了一句话都不敢再说了。 ,5.35E-07
其实我以前真的很怕胡苹果和方响屁这一类网红他们真的看起来很不好惹。之前最开始看方响屁视频的时候我以为她是那种认识很多大老板出入都要男生帮她拿包和男生一起从来不付钱随时昂着头趾高气昂爱骂人看不起人那种大小姐。结果她走卑微路线她真的是我见过最卑微的女网红和直男吃饭主 全文,0.982747843
周中天黑前回家的小朋友普遍作息更规律家长操心少晚上不出门这个是宝宝小时候怕黑就比较少出去。现在晚上八点要睡觉七点要洗澡六点吃晚饭那么五点半要回家做饭也就没时间出去了,0.057148428
吃饭的时候小殊说他前任有关注我这几天的微博应该都看到了。我说那他知道你是0吗他说还不知道。hello小殊的前男友你在看吗给你说小殊是0 ,0.000151538
吃饭的时候小殊说他前任有关注我这几天的微博应该都看到了。我说那他知道你是0吗他说还不知道。hello小殊的前男友你在看吗给你说小殊是0 ,0.000151538
2020年4月4日清明节双休日第二天清明小长假第二天。全国哀悼日全国各地各界悼念在新冠肺炎中牺牲的烈士和逝世的同胞。又睡到中午11点半才醒凌晨4点多睡的睡的时间比昨天还长。天气还是不太好全天阴唯一的利好是始终未下雨气温还是很低有点冷和前几天差不多。午饭吃腊肠煲仔饭 全文,5.26E-07
好孩子我小学那会都是吃完晚饭写完作业就出门跟小伙伴疯玩但是都会好自觉九点就躺床上睡觉,0.999683322
成年人常见潜台词改天一起吃饭吧 ,0.881868882
老子不管 老子就要说 只是不准批评罢了那吃饭砸锅攻击拿津贴者的人对不拿津贴者也不是就任他讲了换其他理由,0.392606423
这个假期就这样了本来还想挖点野菜一棵都没看见娃子长大了真好可以自己跑自己吃饭省了好多力气几年前带他来的艰难景象历历在目 ,0.998207341
哈哈哈哈我家告知他吃饭的时候饭烧的话吹一吹有天我爸让娃给他捶捶腿娃冲着我爸的腿吹了吹,0.25523951
我怀孕的时候吃得唯一比较奢侈的东西是哈根达斯小盒冰淇淋孕早期吐得厉害的时候老公给我买的后来也没有了。早午饭都在单位饭堂吃健康又营养晚饭都在吃麦当劳开心又快落✌️。 ,0.936183863
这题太难了我不会娃最近自己开始肯吃生长曲线才好看点我没有方法供参考夏酱妈妈康康我哇孩子偏瘦偏矮有没有什么好办法呀吃饭不肯吃,0.991966004
奶茶超过30元你还会再喝吗 真的比一个午饭套餐还贵了那天晚上跟老公点了两杯奶茶外卖一看70多吓一跳以后喝之前要想一想了也可能换成小牌子奶茶店的喝一下。 ,0.803182753
唉别提了她不仅跟男朋友一起睡觉还能上桌吃饭我第一次听到时都震惊了仅仅是男朋友都睡在一起了,0.021639579
小学生错峰吃饭视频的真相其实是本来安排一半的学生户外活动一半在教室里吃饭。结果因为降温那一半临时取消了户外活动回教室等待本来高高兴兴出门玩耍现在却要眼巴巴看同桌吃饭隔壁的小孩都馋哭了 iBingo的微博视频 ,0.742140446
大家有什么好的办法吗昨晚晚饭喊半天不吃惩罚不吃饭跟我哭喊还打我我忍不住打了他pp冷静一会后抱着他先道歉了马上也和我道歉了。到睡觉时候问我是不是醒来就可以吃饭了。又好笑又心疼。惩罚应该怎么做不伤感情又有效呢,0.593339261
不管怎样都要记得好好吃饭呐 齐齐哈尔 ,0.874590888
三叔确诊胃癌晚期去年年末在医院切除了胃疫情期间正好是春节然后在医院渡过了整个春节想想挺难受的得了这个病基本宣布死刑了胃没了再也不能大口大口的吃饭再也不能大口大口的喝酒现在每天只能靠点滴稀饭度日稍微硬一点的东西吃着就流泪那么大一个男子汉和他视频的时候瘦了一大截头发也都 全文,0.887959521
最后一次和小华侨吃饭是去年九月那个时候我们已经很久没做爱我回国了一个多月大家偶尔给对方的朋友圈点赞时不时说几句话已经在开始聊彼此新认识的男生。吃饭的时候他和我说之前他喜欢上一个人。他说大概是在五月份那是我和他关系的末期我主动约过他几次他大概约三次来一次理由 全文,0.996410056
今天是星期天食堂不提供夜宵。 ,0.295391029
2020年4月12日上午10点多醒算相对比较早一点。昨天下了整整一天的雨到凌晨时分终于停了不过阳台上的积水还没有干一早彻底放晴气温回升一夜之间又重回春天天气虽然放晴转好但是昨天晚上开始的大风仍在持续。午饭吃烧麦、蛋黄鸡腿、虾排、茶叶蛋和草莓酸奶。草莓酸奶是买鸡腿和虾排便 全文,0.905693353
2020年4月13日又是新的一周开始。天气继续晴好连续第二天全天不冷不热。上午10点多醒睡了7个多小时。再次登录APP查询4月3日凌晨申报的2019年度个人所得税退税税务部门已经审核通过了国库还没有到账。午饭吃腊肠煲仔饭另加一份腊肠喝冰糖雪梨。下午洗衣服昨天下午洗的衣服未收进 全文,1.32E-11
一个令人伤感的定律越胖胃口越好现在吃饭好了很多呀,0.967636669
早上带她出去阿姨说喝了奶还没吃早餐我说没关系等下我给她买面包吃。中午阿姨带回家吃饭发微信问我是不是早上没给她吃东西看把她饿得几个饺子一起塞嘴里。我才想起来早上买了面包她顾着玩不肯吃后来我就忘了这事。 小短腿夏酱的微博视频 ,0.010321359
哈哈哈哈哈洗剪吹神作 最后的中日混搭哈哈哈哈 他们是不是看到头发就想剪 这三个男人就是Tony Kevin Allen👌,0.572569851
杭州美食超话梅家坞现在最值得一去的地儿来这边喝喝茶、吃吃饭。春娟茶楼就在梅家坞车站边上。饭前先来绿茶 瓜子吹吹饱含负离子的空气。两个人点了本鸡煲汤汁浓厚味道鲜美。鸡肉酥而不烂肉质鲜嫩用筷子轻轻触动鸡肉就会化开。散养的土鸡就是不一样煲出来的油脂金黄金黄的。油焖笋 全文,0.002329367
所以上帝安排万事只叫神爱的人得益处当时多么满肚子的委屈被挤兑得刷了半年厕所但正是当时的忍耐今日才不会觉得很遭罪。经历摔打并不是坏事儿反而经历过了再回过头受益匪浅。任何的事儿没有高低贵贱凭双手吃饭哪里都要学会适应。这也是一种锻炼。心态很重要。在哪里都能生存下去懂得适应 全文,0.999999601
对了给大家推荐一个减脂期可以吃的主食我觉得挺好的一个东西就是魔芋做的各种面啊粉丝啊卡路里真的非常低我这两天拿来当晚饭吃。然后体重就稳步下滑了。不过听讲这个东西很难消化不要多吃。我觉得一周我吃个两三次应该没问题。 ,0.483647786
喵子的运动分享 分享一些我减脂期的饮食吧。其实我绝对不算控制的很好的那种。我之前看了一下大家的饭量分享我发现我处于平均水平线上面一点点。早饭的话我是一片列巴不要小瞧这一片巨顶饱两片黄金糕两个虾饺或者两个广式烧卖煎蛋黑咖啡和牛奶有时候还会额外吃水果和一些小 全文,0.949490429
比起轰轰烈烈的恋爱我更喜欢平实又幸福的感觉不需要波澜壮阔的故事在人间烟火中细水长流也很好。我喜欢那种一起逛超市买打折商品出去吃饭用团购也不会嫌弃对方就算素颜也觉得我很可爱能够认真听对方说话就算是一些很无聊的事情也可以互相分享觉得有乐趣的关系。我喜欢彼此独立又信赖 全文,1
我男朋友是看起来非常乖超级人畜无害的小奶狗但实际上是进攻性还蛮强的男孩子。按照他的话说我对除了你以外的人都人畜无害。我记得有一次南瓜猫来长沙玩然后是和她的店员一起。当时我和我男朋友还没有确定关系暧昧期我们一起吃饭。在海信广场的超级文和友然后我介绍双方都是我的朋 全文,0.999999923
2020年4月14日上午10点不到醒。比前几天略早一些睡了7个小时。上午9点多路桥客户发来语音信息和一张照片就我上次校对的书稿路桥文史一处顿号处理咨询我。午饭吃腊肠煲仔饭另加了一份腊肠赠送的盒装冰糖雪梨饮料没喝。上午时天气尚晴好连续第三天但阳光有时也不甚强烈下午干脆 全文,1.13E-06
五一节会不会出去玩不知道能不能出去玩但是好好吃饭是可以哒健身完路过常去的日料店三文鱼腩刺身入口即化满足的一大口刚到的活赤贝刺身鲜嫩可口鲜美还有活烤鳗鱼滋滋入味确定不来吃点嘛 ,0.642304935
2020年4月15日上午9点第一次醒来又继续睡了一个多小时到10点多再次醒。今天是第五个全民国家安全教育日第一次听说这个日子。另外今天浙江省入汛。昨天阴了大半天今天一早再次放晴很好。同时气温继续回升最高达26度白天比较热。距离五一还有半个月了时间过得真快。午饭还是吃腊肠煲 全文,6.14E-05
早饭 早上要吃丰盛一点。因为早上更容易代谢代谢率是临睡前的15倍昨天看的薄荷科普。 ,0.985685401
怎么老有人说在家工作效率低今天我在家工作四五个小时期间把垃圾倒了用吸尘器吸了一遍地做了一顿饭吃饭时看了一集美剧又把碗洗了。如果这还叫效率低那我不知道什么算高了。 ,0.001942586
上午8点多醒。天气晴好最高气温30度。午饭吃麻辣香锅。上午收到单位发送的台报进行时短信一条。本周最后一个工作日明天就可以休息了。 台州 ,1.05E-05
阿姨做了酱油鸡吃饭前先给夏夏夹点菜就把鸡腿🍗夹走了我鸡腿鸡腿鸡腿留给我老公阿姨大人吃什么鸡腿鸡腿给孩子吃啦我我老公干活很辛苦他值得 夏酱家阿姨 ,0.999997829
让不让人好好吃饭了 ,0.460268956
为什么吃饭老咬到嘴还要进化成口腔溃疡。 ,0.536507996
路边的小摊一天到晚都在炸油饼卖咸鸭蛋。今天这个摊位前坐着一个人似乎在吃他的晚饭他吃了一个油饼两个茶叶蛋还有一口杯的老酒。这个一口杯的老酒也是单独卖的吗很贴心了。 ,0.984252325
我要起来做早饭吃了。 体重985连续卡住了估计要姨妈 ,0.015206169
夏酱爸深夜加班回家我煮了两斤小龙虾加一盒午餐肉一份薯粉还有晚饭吃剩的一大碗饭一起就着青你吃完啦。然后夏酱爸竟然还端出一盘青提说这是饭后果。所以宵夜才是我家正餐吧 ,0.832819668
你看到了我不为人知的温柔没有啦打码是因为这个点大家都在吃饭怕影响你们食欲2分是因为长度还可以我说了要公正客观的本来想加入群嘲队伍但看到博主不仅给了两分同情分还贴心地打了码跟这种阴沟里的老鼠计较还是算了,0.999758061
吃饭的问题更复杂突然想到该吃饭的时候孩子不吃饭怎么办呢,0.552906967
做了美丽芭蕾大腿外侧2次第三套一次吃饭了过40分钟再做几个去健身房撸铁了 ,0.26426055
午饭红烧牛肉好吃啊 减脂期我也不吃健身餐 ,0.018776682
意大利超话全球疫情意大利疫情视频新星榜吃货在这里    马哥の美食混剪特辑1  切牛排疫情期间大家居家都可以做些什么呢吃饭玩游戏拍视频剪辑跟朋友聊天无论做什么今天吃什么是一件值得思考的事🤔今早突发奇想想要做一个 全文,0.964741048
中国人 i散文 搞男同性恋也要i散文 莫名其妙地开始给我拽描写 一个句子里面塞他妈五个形容词 全面屏划三个轮回还在渲染气氛 老爷行行好啊 我们没有文化的人一千字以内看不见双引号就要死啊 搞cp不是请客吃饭 撸起袖子给我干啊 ,0.001351015
晚上太激动了我和不不妈都忘记吃晚饭一直在准备现在才想起来点个好吃的犒劳一下自己才行 ,0.38218169
睡醒起床做早饭锻炼一小时然后买菜吃完饭上班晚上继续锻炼今天发货处理售后盘点库存看样衣然后还要画画设计iwatch里面去买一个睡眠的APP autoSleep可以记录你的睡眠程度包括你的深度睡眠啊还有时间啊还有分析你的睡眠状态我觉得挺好用的。只要18块钱。 ,0.010865479
昨天晚上吃完晚饭散步经过一个广场看见一群打篮球的年轻男孩都挺高皮肤白白的穿着宽松的球衣球裤露出有漂亮线条的手臂和小腿。以前读书的时候操场上也有男孩子在打篮球我从来不看因为看不懂不懂前锋后卫不懂三分界外。现在我也还是看不懂但我就站在那里盯着他们看了好久才 全文,0.999999645
和以前的朋友一起吃饭听他们聊各自的婚后生活。好玩的是女生都是在炫耀男生都是在抱怨。 ,0.852805892
奶舅被迫营业48女宝2岁一个月两岁左右开始黏妈妈早上起床一直要抱抱吃饭她吃饱了就要妈妈抱玩耍也要和妈妈一起玩之前并没有过分离焦虑需要改变吗还是长大了会好奶舅分析这个案例里孩子两岁多一点孩子在这个阶段大都已经经验性学得了一些家庭规则和熟人之间的互动策略。 全文,1
刚在b站看了一个up分享他曾经错误的减肥方式带来的极大的不可逆转的身体伤害我觉得很有必要分享出来❌极端节食是绝对的错误。他曾经就是极端节食我看他视频说从少吃到不吃晚饭不吃中饭不吃早饭早上只吃一根黄瓜后期变成三天早上只吃一根黄瓜最后他所带来的结果就是患上了暴食症 全文,0.998300258
王栎鑫老婆追星李现 哈哈哈哈哈不愧是我们的现男友我们只想静静看他吃饭笑死我了 追星女孩的日记的微博视频 ,0.999954846
昨天公司开会开到很晚大家不也都在办公室边吃饭边聊天我合伙人问我是哪一个瞬间你觉得你女朋友真的是很不错的人我说是她为我省钱的时候虽然那是一次特别好笑的误会。我刚和摸鱼同居的时候我经常要带她出去吃饭她老拒绝一次两次就算了但后来也一直不出门吃饭就家里弄我就觉得挺 全文,0.980582557
我当时瘦的方法不知道适不适合你们早上那餐不吃饭就喝代餐。下午的话我会吃半碗饭几块肉其余全吃菜。晚上不宵夜。平时不喝奶茶不吃零食。哦晚上要跳二十分钟的操。 ,0.244845156
姨妈来了以后胃口又突然变小。早上吃个煎蛋一块吐司还有一些零食黑咖啡牛奶饱了平常还要➕好多别的刚刚坐在地上吃饭突然站起来有一种决堤的感觉 ,0.082347193
我虽然上了三个月的日语课但水平也顶多是个婴童级别。老苗更不用说了犹如文盲一个。有朋友好奇那我们怎么在日本生娃、做儿保呢就凡涉及沟通一切从简啊。比如做产检时虽然心中有万千好奇但汇总起来只有一句Is everything OK医生只要说OK我们就拍屁股走人吃饭去。比如 全文,0.99669031
嘴角疯狂上扬hhh 还可以8和我差不多帅 来洗洗眼睛 靠 又有谁不爱帅哥呢 啊啊啊啊这么多帅哥为什么就不能分我一个,0.309054289
我们家是一个乐队我妈每次叫的时候都是丁丁当当咚咚乓乓来吃饭了  可能因为名字太像了经常骂惹祸的咚咚的时候当当跑过来了走了一半觉得不对劲又走回去了 叫乓乓的时候咚咚冲了过来但发现没他啥事儿 ,0.003363137
哎养孩子太不容易了昨天傍晚非要出去玩考虑早上出去玩过且疫情期间我坚决不给出去玩然后哭了一个钟哭到睡着睡了一个钟接着起来哭一个钟又睡过去了晚饭都没吃,0.006025985
中午我跟航哥发了脾气对他大吼他无声啜泣了几下就安静快速的吃完了饭然后一推小桌子叹了口气离开了厨房。我呢停止咆哮后切萝卜切的叮当响然后自己吃饭余气渐消航哥悄悄走来蹭我的饭然后他对我说妈妈刚刚你跟我大声喊了我都有点害怕了但是我今天哭的时候没有你 全文,0.948338624
昨天文珠莲请吃饭胡友超请唱歌我又没花钱嘻嘻。 ,0.063849371
因为吃饭的时候说话有呛到的风险否则我是完全支持和鼓励幼儿阶段吃饭的时候和孩子多说话避免吃东西时说话但鼓励吃饭过程中聊天互动感觉操作起来很难把握呀,0.999932278
奶舅被迫营业52经常会看到大人带小孩吃饭时会给小朋友一个手机或者一个iPad然后让孩子在那看动画片以换取片刻的安宁。然而对大部分家庭和孩子来说吃饭可能是少有的全家能在一起互动交流的宝贵机会却被很多养育者放弃了。吃饭过程中给孩子看电子产品以维持平静的现象也暴露了很多问题 全文,1
不出所料吴鹏飞的公众号里昨晚少了点火药味没有继续写他的园园日记。而是再次通篇帮李跃华宣传这才是正事。作为呼吁对腐败官僚的追责者我肯定不喜欢所谓的园园日记但也能理解吴鹏飞的思维毕竟要在武汉官方眼皮底下吃饭。但其有关李跃华事情的绥靖思想他昨晚也流露出那样的等待太煎熬人,0.0945541
今天是星期六原本应该是双休日休息但因为这两天台州市两会召开我们报纸增版所以我周末继续加班也是连续第七天上班。今日食堂夜宵是蒸扁食一份五个、绿豆汤提供白糖、骆驼奶蛋糕袋装、芒果酸奶提供塑料小勺子。 台州 ,0.971436557
两会周食堂夜宵增加新品类。 台州 ,0.397383756
一起来拍春天 最期待的事情是去一趟南法在南法又有一个不想告诉别人的地方——泉水镇。小镇最靠近山的地方有一眼水量巨大的泉水据说有潜水员下午上百米都没找到底一路流下穿过镇子。最舒服的事情就是在泉水边吃个午饭喝个咖啡露台上的小餐厅很有趣阳光从树下投在地上的斑驳是巴奇耶和 全文,0.999875003
想看吃饭夫妇现场互喂大米饭吗天猫会员店星店长来撒糖了只有好吃的大米配得上全世界最好的你。转发关注本喵这条再抽1名小可爱送直播同款的大米饭10斤。,4.49E-06
妈妈他们有一个熟人喝了点酒打麻将的时候突然死了他老婆找这些吃饭喝酒的麻将搭子索赔要他们赔90万最后赔了20万。刚刚我们一起转路她跟我说要是以后我和朋友出去玩出了什么意外你不要去找人家都是我自己自愿的你又不在我身边人家带着我玩也是一片好心你不要为难他们～ ,0.018256273
一个普男好好吃饭好好睡觉安静地过一生那就啥事儿没有。什么时候开始琢磨人家心里在想什么可以说这个普男就完了。 ,0.997926357
食堂夜宵提供的水果老是苹果就不能换点别的品种吗不是很喜欢吃苹果。 ,0.923928729
航哥绘本记录 3y10m3d这是前天的因为有爸爸讲的他又忘了一本只能等他回来回来终于确认后拍好了照的我竟忘了记录这几天因为航爸工作比较忙回家后显得陪娃很拖沓搞得航哥容易急躁我心疼儿子也心疼老公但是夹在中间好难做儿子想爸爸好不容易盼下班了恨不得不吃饭就开 全文,0.999848262
一会做韩小四的运动我觉得她的都非常好坚持反正不累做完吃饭上班晚上健身房 ,0.651854506
我不知道你们有没有感觉就大多数电影电视剧里正派都蠢得要死谈谈恋爱拌拌嘴吃吃饭故事主线几乎都是反派推进的就只有反派才在一本正经搞事情看着怪可怜的 ,0.829079486
不知道别人什么样了但是我瘦下来伴随着食量变小不是节食是我真的吃不下。但是还有一种可能是我虽然主食吃的不多但是我零食吃得多早上一片吐司煎蛋少量水果一个鸭头然后吃了小半瓶雪花酥中午一个鸭头一点洋葱炒牛肉小半碗青菜两个章鱼烧我撑了不过我吃饭前就不饿我 全文,0.010359765
在客厅吃饭我妈又在那说现在这样两个人在家里一起吃个饭给你做下卫生收拾下东西一起转转路真的好难得有这种机会。我说那是因为我已经三十岁了在我十八岁之前这样的机会很多你也天天出去打牌吃饭没理我啊。她说人的状态会根据年龄改变嘛。我说是的你二三十岁的时候要自由爱玩 全文,0.999999935
我今天忘记道早安了你们都在干嘛 有吃饭吗 ,0.662323991
唐大本人防护意识是非常高的除了拥有自我保护意识以外连同身边的我也是不可以在人多的地方摘下口罩的。没事连门都不出更别说太古里这种人多的地方开车路过都是紧闭窗户的。一般除了吃饭喝水他出门在外时刻戴着口罩的 连同工作都是带着的口罩的 ,0.12670484
如果你听得到的话 我家的田螺姑娘 或者田螺小伙 我现在要出门吃饭请你帮我写一下英语作业 真的一个字也憋不出来了好吗好吗好吗好吗好吗 ,0.999802134
晚上准备出去吃饭三亚餐厅海鲜类有没有吊一点的。 ,0.177484717
想了解真实的拟嘉恒情史 不是我看着二十多的你歪歪的那些 或许有一天微博不再靠你情感史吃饭的时候你会写首歌 在其中某个国家 正常的恋爱 荷尔蒙冲动 你盖掉的纹身 年轻 baby boy在无人知晓的深深夜里纯洁的爱情总会发生过 ,0.99998989
小时候我特别不爱在家吃饭其中很大一部分原因是我不爱吃蔬菜而我妈每天变着花样逼我吃还为此跟她吵过架。后来读高中了寄宿学校中午去食堂都得用跑的那种不然好吃的菜都被人打光了那几年简直是我人生的灰暗时光食堂又难吃人又多那时候才觉得我妈做的饭好香啊每天都盼着放假回家。 全文,0.999915584
你的身体就会自动吃屎叫你的还不吃早饭早上九点还不吃早饭、肠道就会吸收粪便也就是说不吃早饭但路是自己选的搞笑表情包熊猫头表情包 扬州·老土灶火锅引江路 ,0.007361495
吃个早饭了 ,0.437018852
今天做早饭时候和我妈在厨房闲聊天说到我们身边朋友分手的事情我说我有天和曹梓轩分手我会很难过的我妈说那你就少作点你是谁妈啊 ,0.542495635
刚从酒店打车出去吃饭司机师傅是个东北大哥下山时路上又碰到那种十八线网红开着一辆租来的车横路上拍照老哥按耐不住了开启了吐槽模式「何必呢何必呢～～」「能这么干的那肯定不能是有钱人～」「装装个啥呢累不累～～」「发胖友圈咋了人家还不知道你sì séi啊」 ,3.49E-05
有没有我这种来宜家只为了吃饭的。。。 ,0.264171776
棒棒哒吃饭要求抱抱的问题已经解决了我可以好好吃饭了,0.622291613
我感觉大家在进行训练特别是力量之前还是要吃饱高蛋白适量碳水我因为这两天鸭头雪花酥吃太多几乎没吃什么主食也没吃什么肉我现在举铁都没有力气整个人软绵绵的一点力气都没有我真的要少吃一点鸭头了我感觉我们每天把它当主食从睁眼开始吃到晚饭 虽然体重没变但是真 全文,0.058040772
饿了想吃饭了我现在饭量变小了很怕影响到我的基础代谢所以我为了基础代谢决定多吃几个鸭头补充热量 ,0.16806166
这个点起床我根本就不知道我要吃早饭还是吃中饭。刚刚照了一下镜子发现自己整个人变成了巧克力色。是的巧克力色🔪🔪🔪🔪🔪我杀人了体重964和昨天没啥变化可能我回家吃了很多鸭头吧又储水 ,0.624545244
去吃饭路上走着走着就走不动了🙈 小短腿夏酱的微博视频 ,0.675027539
航哥绘本记录 3y10m11d昨天只读了一本还是爸爸读的另外航自己又翻了好几遍这本轱辘轱辘电车大概昨晚发现了太多内容他需要反复消化。可能出去挖菜回来又挖菜真把航哥累到了加上中午没睡晚饭后跟爸爸玩了一会我刷碗的功夫就睡着了都没来得及叫我陪他睡觉就被爸爸撂倒 全文,0.999997394
今天还是一个吃午饭还是要赶在明天之前做完那个表格注意力很难集中的我定了计时器勉强干了一个小时多点就出来吃饭了还在路边买了一条短裤现在吃饱饱还是回去干活首先先拖个地板吧。 ,0.006531409
55小记今天是五一假期的最后一天安排了满满的一天活动跟朋友下午茶以及晚饭聊了好多事情感慨这半年这一年确实发生了很多事情呀呀呀我在54青年节做了一个小小的生活团购群终于当起了团主期待变了心态也就变了这是第二次开团建群总结了一些些经验心累少了很多从上份工作离 全文,0.99999954
我觉得我不是吃饭吃饱的我是喝水喝饱的。早上起来一块列巴面包一个煎蛋一个虾饺两块黄金糕外加一杯咖啡牛奶撑了一会还要喝一杯咖啡牛奶因为多冲了一杯。我妈在那边看我喝咖啡充满了疑惑的表情你喝这么多咖啡晚上睡得着吗睡不着啊那也要喝 今早体重964无变化 全文,3.79E-05
昨晚加班到凌晨两点今天晚上要陪领导吃饭感觉自己像个鸡 ,0.422619315
小男孩有时候真的蛮可爱的就是还没有变油腻的小男孩还是很青涩很纯情的昨天我去找小曹的时候他正好在和基友们一起吃晚饭然后也是和小曹差不多大。我一进去他们看到我就立刻安静下来然后一声不吭的低头吃饭跟上课偷偷说话被老师看见一样气氛有点微妙我就很疑惑。然后小曹笑嘻嘻地 全文,1
早饭列巴面包🍳牛肉香肠黄金糕虾饺雪花酥牛奶咖啡☕拍出来感觉好像并不多但其实蛮多的。我中午和晚上吃的比较少。早上吃的会多一些。喵子每日运动打卡 ,3.24E-05
睡醒了吃早饭昨天是坚持1230就放下手机开始睡觉的第一天。然后睡醒了以后发现整个人横过来了。就本来我是竖着很正常的睡在床上。早上醒来的时候我发现我是横着睡的害遨游世界了 ,0.004223285
航哥绘本记录 3y10m13d昨天读了这些依旧是两本嘟嘟和巴豆系列我做晚饭的时候航急吼吼的问我电车的那本高山到大海的哪去了我找了一本高山大海的他却说不对然后他说是那本在姥爷家讲过的双向的我一下想到了轱辘轱辘电车这本不要小瞧孩子的能力时间用在哪里多哪本讲的用心 全文,0.999985776
我的饭有毒我跟航爸谈恋爱时有一次我休息他说中午回来吃饭我第一次用豆浆机又担心时间来不及慌乱中我不知道豆浆到底好没好只是觉得时间很久了就关了机器我跟航爸每人喝了一碗没熟的豆浆却浑然不知。半夜我开始呕吐不止航爸可能体格好症状比较轻因为晚上还吃了炒豆角我们就 全文,0.009029415
晚上要去健身房今天没有运动还。早上因为赶着去做核酸检测就没有来得及吃早饭。中午吃的东西然后买了手感麦夫的面包吃挺好吃的晚上希望运动消耗多一点。 ,0.673538281
来朋友家吃饭夏夏对着鱼池喊鱼爸爸、鱼妈妈、鱼夏夏、鱼爷爷、鱼奶奶、鱼阿姨～ ,0.994715274
我妈问我怎么又有元气森林了我说他送的他说人没事就给你送东西我才不信你怎么老是一箱箱买我说真是送的。我在网上发一张自己跪着的照片然后再发一张收款码让有钱的给钱没钱的给点东西好久没吃饭了。我妈不会吧我的天哪你不要再上网骗人了会被抓啊。 ,2.92E-07
日本人为了补回之前疫情停滞的课程现在狂补课每天要从早上9点半上到下午两点没有午饭时间老母亲只能在每节课的课间10分钟用闪电侠的速度喂奶🤱🏽吃午饭⚡️日本人太拼了擦 301 Moved Permanently ,0.399566316
这么多年来我找到了一个自用特别有参考价值看人方式。看一个人值不值得相处不是酒局上的酒品就单纯出去吃饭。饭吃不对真的玩不到一起。 ,0.998363823
我的题瘾也太大了本来想在b站上找一个软件使用方法的简短教程最后边吃饭边看完了一个兄弟花二十多分钟讲自己如何科学使用多种生产力软件成功考上北大法硕 ,0.992995754
请请现在进入了睡眠倒退期越来越像个小大人儿了白天不怎么睡要玩。晚上7点开始到第二天早上7点睡两大整觉。今天下午我陪玩太累7点钟把她包好、奶饱就放到床上就下楼吃饭去鸟。通过监视器看到她从睁着圆鼓鼓的小眼睛👀到眼皮半眯到渐渐闭上从哇哇乱叫到哼哼唧唧到最后 全文,0.000150225
还有就是虽然刚见几面已经觉得王炸爸爸很好是好爸爸好老公不用说对妈妈也很好啊。那天他们搬家到下午三点多才吃饭王炸爸爸本来饿得嗷嗷叫催了几回外卖看出来是真的很饿了。好不容易拿到外卖打开刚准备要吃都递到嘴边了他突然想到王炸奶奶还抱着小二肥就赶紧去跟王炸奶奶说我来 全文,0.999999806
安慰你一下我们也刚嚎完～不吃饭边看小猪佩奇边喂吃两口又不吃了收走小猪佩奇就嚎了假装无视周围人的眼光赶紧买单走人 查看图片,0.128210168
我在减肥饭不用太多毕竟别人是吃个苹果当晚饭而我是吃完晚饭再吃个苹果 ,0.992439215
510511小记还真是有人盗号吗已经做好安全措施我这个小庙也有人来～今天下班有点晚回到家都九点了做好晚饭之后不想再动了做饭是我的乐趣能让我放轻松什么都不想慢慢做～今天摘的枸杞叶一叶子一叶子摘很治愈今天跑步有点长～开会跑了但是流汗的感觉不是盖的真的很舒服 全文,0.99967457
最近很多搞直播带货的不知道哪儿来的我的联系方式每天都加我我吃午饭的时候碰到个特别搞笑的说是一个熟人介绍的其实也不熟。先一上发了一张电子名片xxx总监然后问我需不需要他们帮我带货说什么ksdywb上都有网红加起来几千万粉说赫莲娜的20分成兰蔻25我笑了笑说不 全文,2.52E-05
看史军老师吃饭,0.858069696
还在郁闷中明天泉峰汽车至少盘中能摸到涨停板如果今天开盘就买进明天可以赚15出来过周末说好的要刺激最后一念之间怂了想到这里晚饭也不想吃了。。。 ,0.938822428
本人晚饭这么些个丰富补充肉类想办法磨碎吃 ,0.151539549
胡苹果真的蛮好的还怕我被小孩子捞。因为去青城山的酒店是方响屁订的我没让小朋友a自己掏了胡苹果还跟我说你们第一次见面又没有确定关系最好还是aa。主要是因为胡苹果也不知道他是谁没看过他的微博也不知道这几天我们吃饭打车都是他抢着在付钱不知道他过来成都的往返机票就要一千四 全文,0.019436133
问你们也白问。我都拿货行了吗。 我要去吃饭了。9点上锅。这两小时内大家别联系了。我静一静,0.124392985
最后十五分钟再来个快的 转我现在这条抽一位打500块请你吃午饭。1230就开吧没错就是一个小时后,0.001855294
邻居家的猫居然是散养在楼梯道里的经常下班都看到他躺在这儿偶尔回家吃饭 ,0.779272551
最近接触了大大小小很多宝宝觉得夏夏其实算是很天使啦除了不吃饭和不讲话比较磨人在很多方面都很乖比如睡觉还算好哄只要睡着了就雷打不醒睡到天亮。比如坐车很乖可以乖乖在安全座椅上坐很久。比如至今没有过咬人、尖叫、或者攻击别的小朋友的举动遇到别的小朋友尖叫她都是一脸懵逼 全文,0.999976722
民间想尽办法凭本事吃饭。 自愧不如,0.415597346
昨天写了45k字奶舅专栏文章充分利用写作间隙、吃饭、如厕时间上来发发微博昨天的50条算是我的极限了怒赚渣浪将近6毛钱。 ,0.33887879
奶舅新书专栏No 27小家伙疯狂喜欢第一名好胜心强真的好吗在生活里养育者有时会和孩子玩比赛的游戏早晨起来为了鼓励孩子自己穿衣服可能会说我们来比赛看看谁穿得快吃饭的时候可能会说我们看看爸爸和宝宝谁吃得又快又多玩小火车小汽车的玩具时可能会说看 全文,1
刚才一边吃午饭一边刷创造营。吴亦凡一开口讲话请请顿时安静了定睛一看口水正吧嗒吧嗒往下流🤤苗老师反手就是一擦不准流这个阶段只能对爸爸流口水我赶紧把请请抱上楼对她进行了爱的教育。 301 Moved Permanently 小岛千晴的微博视频 ,0.171941673
跟爸爸一起下班回家路上聊天说起晚饭后还要让阿姨带狗去洗澡。我说天啊没办法想象没有阿姨的日子怎么过我们两个人完全没办法handle一个娃一个狗老公是啊就算只有一个娃也很累。我所以那些小家庭一个人赚钱一个人带娃也是超级累的。老公赚钱的人也累在家带娃的人也累。 全文,0.638941111
回复月出皎兮佼人僚兮还可以一包里面两个微辣里面有一块大瘦肉和一小肥肉肥肉留下来做夜宵。另一个被小恐龙吃了。月出皎兮佼人僚兮好吃吗如果老师说好吃我就去买,0.856587867
被开过最恶心的玩笑 1⃣️ 被一个男同学问你做指甲不留一个出来不会中毒吗我为什么会中毒男同学哈哈别装纯了我当时没听懂他在说啥之后一阵恶心想吐。2⃣️ 有次正吃香蕉同事说哦哟看不出来嘛你蛮会玩的。3⃣️ 如果吃饭时说自己喜欢吃黑木耳一定会收获意味不 全文,0.000318373
天天吹捧体重是一切不让人吃饭的营销号应该和阴间祖宗一起埋了看到网上所有好看的有腹肌的然后线条特别漂亮的身材照。然后营销号说这个80斤这个90斤。都是骗人的。所有看到的线条好看然后身材特别紧致有马甲线翘臀的体重绝大部分不可能是那种阴间表格里那样除非是跳舞的艺术生对体 全文,0.940410303
意大利超话 温州隔离篇 414马哥の丧言丧语任何不合时宜的想象都是不需要的因为现实的世界只有一个。算了算我整个隔离期好像有90天2020年的¼。今天温州很热天气很好。隔离餐一天比一天好吃但不想吃饭。最喜欢每天傍晚窝在单人沙发里看晚霞日落是我每天最peace的时刻 全文,0.851847803
●今天天气还是不太好白天基本阴偶有阳光但不明显比较闷热晚上7点多开始又下雨开始比较小快8点时突然下大持续了20多分钟变小并很快停了。此后又几番下大持续时间也不长。●上午7点50分醒睡了6个小时整下午补觉4点多醒。午饭吃麻辣香锅晚饭吃红烧鱼和早瓜。鱼的味道还行。 全文,3.26E-06
和同事吃着饭接到朋友电话劈头就问到哪了我一脸懵问你是不是打错人了对方我都点菜了你敢告诉我你忘了上周五约好今天中午吃饭我杀了你吓得我奶茶喝完了忘了加奶盖。。。 ,0.048723397
多半是打开方式不对你在她跟前放个她最感兴趣的新玩具或者好吃的试试吃饭比赛谁最快吃完不吃饭的娃还是不吃饭🙊,0.987910055
自己做饭真的非常省钱而且可以吃的很好哦由于我现在在健身我是不能吃高油高盐的外卖所以现在都在家里面自己做。刚刚分享了我吃的饭然后有妹妹问我平均每天吃饭有没有80以上完全不存在啊简单分享一下大概食物的价格。我家有我和妈妈两个人每天大概吃半斤牛肉山姆买大概4050左右 全文,0.894035531
11点才吃早饭冰激凌煎蛋虾饺黄金糕章鱼烧2个稻香村的蜂蜜蛋糕1个黑咖啡牛奶两杯刚刚吃中饭山姆买的牛肉汉堡肉半个黑鱼汤两碗蟹肉香菜木耳两碗水果凉拌生菜黑鱼肉晚饭计划是剩余汉堡肉和中午剩菜还有冰激凌准备休息一会开始运动工作。 因为有人希望我分享三餐我就分享一下。不需要 全文,2.98E-05
中国旅游日路桥一日游。第二次在路桥中盛广场吃饭。转了一圈我想吃的都人满为患人少的我又不喜欢吃最后选了这家。点了葱油饼、蛋黄烧麦、锅贴、绿豆汤本来想点银耳羹的没有了改成绿豆汤。使用路桥区文化和广电旅游体育局发的15元代金券实付12元。葱油饼比较薄蛋黄烧麦极其货真价实名 全文,0.762254267
天气晴好高温炎热。6点半早起参加路桥一日游7点25分赶到云西路区法院公交站台集合上车点7点40分发车8点50分抵达首站先后参观卫浴企业欧路莎、新桥镇华章村、十里长街、中央山公园高空玻璃栈道午饭在路桥中盛广场地下一层吃锅贴、绿豆汤、蛋黄烧麦、葱油饼。下午4点多返回。上午9点半举 全文,0.044097617
这厮上午10点上班11点就拖我出来吃中午饭一天天地耽误我工作还一个人吃一只海南鸡 ,0.002591289
有时候真的蛮讨厌那些要熟不熟的人张口就来「欸听说你现在在做插画师啊我最近正好想开个店你帮我画个招牌呗就随便弄弄不费你时间。」「我画图报价很贵的。」「我们都认识多少年了什么钱不钱的帮个忙呗下次你回来我请你吃饭」「现在垃圾分类应该也普及到你家那边了剩 全文,0.000742127
现在是凌晨十二点半Hana已经睡得在打呼噜了而Kuta在吃他的第二顿夜宵。有的猫猫光喝水都长得圆滚滚有的猫猫一天吃六顿却依旧美丽唉～要我说这倒霉孩子是遗传到了他爹这易胖体质。 Crrrrsh的微博视频 ,0.107166717
其他人不都会因为天气变热不想吃饭吗怎么我这个夏天吃得更多了。刚称体重胖了八斤我真的不想活了。 ,0.004320946
搞个超市宣传画册让你鹅子每天点菜吧儿子啥都好就是吃饭有点累人。一岁两个月了边玩边喂就一两次是自己用手吃的其他时候都是等着喂。食物就拿来玩捏来捏去鼓励自己吃也就吃一口只有喜欢的西蓝花会自己用手吃。什么食物都不能短时间重复吃天天想菜谱发愁,0.995210996
现在的小孩肚子油水足少吃一点少吃一顿无所谓的。不过一定要把零食和水果都坚壁清野饿半天之后还是会狼吞虎咽吃饭的————不要问我为什么知道我的经验很丰富,0.014701179
现在不行了物质生活太富裕了不吃饭可以我爸养我的时候属于是爱吃不吃不吃饿着。多饿几次就老老实实吃了,0.322291888
奶舅被迫营业77男孩快3岁了一般饭前12小时不给吃零食就愿意吃饭。有时自己吃有时要喂我一般让他自己先吃等不愿意吃了我也不喂让他去玩不给零食等饿了他就继续吃饭。少吃了就多餐弥补。在托班也是自己吃饭。只有在奶奶家必须边看手机边让奶奶喂饭。在奶奶家就像孙悟空回到花 全文,0.952181299
温暖温柔良善平淡朴实平淡真诚。有时幸福不再各种高大上。以前在高楼大厦里时常想起小时候的百家饭爬山爬树打枣捉青蛙蝌蚪清澈的河流姥姥家的老母鸡老花猫放学回家的袅袅炊烟老爸老妈我回来了姥爷买的东西给我一家人围桌吃饭青山绿树野花大河。。。我二姨家的油条 全文,1
今天带着阿姨跟小婉她们一起去王炸家吃饭了吃完饭又玩了一个下午晚上又跟小婉她们一起去吃了另一顿粥底火锅回来等小婉下了车我家阿姨终于开启吐槽模式。阿姨我觉得那个排骨不行我哪里不行挺好的啊阿姨我说的是中午那个我才醒悟过来她说的是中午王炸家阿姨做的排骨我哦～ 全文,0.201292265
我讨厌过节的原因到哪都是人打车打不到吃饭要排号邻桌好聒噪。 ,0.388778735
嗯嗯教娃吃饭要有耐心,0.595983892
早饭今天体重939我感觉我吃比原来减脂期多啊为什么还掉体重 ,0.025257226
福利姬我觉得骂得是罐儿 哈哈哈哈哈哈哈哈哈咋回事这么讨厌我还实时刷新我的🧣我又不是靠脸吃饭呜呜呜没王法了长得不好看的都不能上网了吗。 查看图片,0.495662952
用麻麻寄来的腊肠做了煲仔饭咬一口有油脂爆出来这感觉太幸福了。最近夜宵都是小龙虾我喜欢把虾肉剥好煮一份热干面拌着吃再配上荔枝酒绝了凉拌菠菜好简单好好吃还顺带切了一根小黄瓜在里面～阿尤说吃我一顿饭一周都白练 ,0.00305824
咋回事这么讨厌我还实时刷新我的🧣我又不是靠脸吃饭呜呜呜没王法了长得不好看的都不能上网了吗。 查看图片,0.006074785
想知道我导给大家啥人生真理了🙊你们用蓝牙导的还是airdrop装人生导师的小屁孩应该是说咋回事这么讨厌我还实时刷新我的🧣我又不是靠脸吃饭呜呜呜没王法了长得不好看的都不能上网了吗。 查看图片,0.248063616
女人之间的外貌攻击吧都是暗处戳明处没意思有没有那种野女人喷的时候敢自带照片否则只靠想象我会误判你嘴巴和你脸一样塞满了过期呕吐物呢。咋回事这么讨厌我还实时刷新我的🧣我又不是靠脸吃饭呜呜呜没王法了长得不好看的都不能上网了吗。 查看图片,0.001465948
谁说不是呢太考验人了想到吃饭问题就头疼,0.214323168
也算是一种思路但不长久忽然想到那种吃饭很乖的小孩子的吃播。吃饭的时候给小孩看的话他会不会跟着视频学,0.999924264
棒我特别同意奶舅说根据每个孩子的情况我家这个七八个月的时候就开始抢餐具不给就哭但是他当时肌肉控制力不行每次都搞得天翻地覆我还是以喂食为主偶尔让玩玩现在九个月了能切块的都给他抓着吃不会食物满天飞打算慢慢给他吃饭专用勺培养感情下一步让他自己吃,0.999999514
想问一个问题就是大家上班的时候都有在认真上班吗我以前上班的时候经常摸鱼唉我以前不是做出版编辑的嘛经常被我们总编逮到我在那边看天涯论坛或者豆瓣小组或者淘宝网页。反正就没有认真再看稿。我上班的节奏大概是上午吃完早饭然后工作一下。下午工作或者继续摸鱼。到了周五的时候拼命的 全文,0.995933375
路桥十里长街的北终点——福星桥。所谓花有重开日人无再少年。南官河水继续蜿蜒流淌但老街终有尽头。过了福星桥十里长街就走完了。美丽的讲解员小姐姐一直带我们走到这里并认真讲完才去吃饭可谓尽职尽责兢兢业业没有半分投机取巧偷工减料。桥名让人想到福星高照一如既往地传承了事物名 全文,0.999999994
逐渐增加给糖的任务难度或者奖励糖的频率逐渐降低就好了我家宝宝两岁左右时有段时间每次吃饭喝水都要谈判吃几口饭或者喝几口水就要糖,0.053892193
奶舅被迫营业80会吃但不吃如何调动积极性通常这种情况发生在一岁半之后特别是到了2岁之后孩子的自主意愿逐渐占了行为选择的主导地位一部分孩子会表现出偷懒的行为。由于这个阶段的孩子自主意识强偏好也会越来越明显需要养育者想各种办法来调动孩子自主吃饭的积极性。我总结 全文,0.999999997
也挺好3岁吃饭或者出去玩跑步之类的都想要第一名没有跑赢也会坚持说自己就是第一名,0.883227469
航哥似乎又进入了哪个莫名其妙的敏感期今天早饭我看到一颗蓝莓有点不好了用刀挖了一下他就抓狂了气得我弃桌而去他跟爸爸说蓝莓变丑了声称要收拾我然后我又冲出卧室跟他理论他无话辩驳但是却又呜呜呜一直哭我只能开始倒计时每数一下他的哭声就减弱一点差点没绷住笑场唉 全文,0.002547734
我一小时大概走6公里所以我要走70个小时还不包括睡觉和休息吃饭 查看图片 卧槽 给刺猬索尼克走的  ,0.060473721
早饭列巴虾饺黄金糕煎蛋黑咖啡牛奶体重949体重回升估计碳水摄入太多但是马甲线比图片还清晰。喵子每日运动打卡 没有图隔几天发一次不然显得我太油腻了。 ,0.000133766
识破了选择人的忍耐力会变得强很多。人不能忍耐吃屎是因为可以吃饭。如果生活端出的是屎味冰淇淋和冰淇淋味的屎那就无所谓选择选哪个都得忍生活变成一场旷日持久的忍耐。 ,0.747545812
这一周的主题都是吃饭问题奶舅分析孩子吃饭问题来啦,0.998892073
有些人会问为什么现在行动为什么不等等呢回答很明了世界不会等你——荒野生存插画分享 益阳·新刘鸣夜宵城 ,0.999826809
今天我一个朋友约我出去吃饭理由竟然是最近想要减肥了让我摸摸你腹肌 ,0.806652991
做了一个莫名其妙的梦梦见我们出去吃饭夏夏在餐厅门口玩得浑身湿透了然后去抱阿姨结果阿姨也湿透了夏夏都带换洗衣服出去所以没关系但是阿姨没有我就跑去餐厅楼下想给阿姨买件衣服换一问都是380起一件短袖后来我想想我也不能说太贵了不买把阿姨冻感冒了吧我就咬咬牙买了。 ,0.000171742
奶舅被迫营业82两岁半的女娃有时吃饭乖有时调皮。在家吃饭吃到中间要站在她的餐椅上跳一段喜欢先吃菜最后吃饭不乖的时候就磨磨唧唧的。一直不主张喂她有时爷爷奶奶看到吃得太少才喂几口现在明白如果有人喂她吃饭就是不乖。奶舅分析很多时候我们很容易低估了孩子的认知能力。2岁半 全文,0.999999956
最后两小时买啦上次团的虾片偶尔当早餐配牛奶很方便海苔撕碎撒在米饭上专治饭渣宝宝一撒上海苔自己抢着要吃饭真实评价哈哈这次团肉松海苔打算也用来拌饭吃出门吃饭也带上。山楂磁力片也安排了棒棒糖等家里的吃完再接着买,0.861378622
奶舅被迫营业8321月男宝天生爱吃饭我家买菜到烧菜全过程他都参与。自己会摘毛豆觉得好玩。喜欢锅碗瓢盆。吃饭是本能。先吃菜后吃白米饭。很小时候弄的很脏。家里没电视做所有事注意力都很集中。人多随时随地都有人陪着。现在头疼的是不肯刷牙。奶舅分析我特别赞同和认可鼓励在保 全文,0.999999999
辣妹出街约了朋友吃饭要摸我腹肌结果她现在还不接我电话。 ,0.453276926
单位食堂夜宵喜欢吃三鲜麦面、芝麻汤圆、蛋糕、鸡蛋酒酿不喜欢吃白粥、食饼筒、汤年糕、扁食、速冻水饺、米面。 台州 ,0.017142514
饭可以不吃肉得要多吃我就是那个从小不吃饭的孩子现在四十了还是不吃爱吃饭怕真的是天生的,0.63930436
奶舅被迫营业84三岁4个月女孩吃饭是个大问题她是可以自己吃的但是每次到了吃饭的点就磨唧唧全家人都吃完了她的饭可能还没动导致老人还得给她喂。挑食的情况也非常严重自己一边说吃菜对身体好然后把菜挑出去只吃肉。在幼儿园完全没有零食到了吃饭点还是不急不忙的完全没有饿的状 全文,0.996571915
我锁骨上不是有一个丑蝴蝶纹身吗今天一起吃饭的有一个是纹身师看见我第一句话就是你的蝴蝶要盖一下了我也知道很丑啊每次穿吊带都很羞耻感觉跟小学生画的一样 每次回想起来都想弄死那个给我纹身的人。 ,0.998845875
豆皮约我吃饭然后迟到半小时我要切碎她 ,0.275628695
下班也有冷静期一般距离下班还有一小时我就开始冷静了。这段时间我保持上班的姿势眼神放空思考一些更有意义的问题比如说宇宙、时间、存在、国际关系、身份政治、欧冠对阵、nba球员转会、回家路上的歌单和晚饭菜谱等等。,0.999998182
2020年5月27日早上8点醒又睡再次醒来10点40分许。午饭吃刀削面和关东煮豆腐干、鱼丸还有一串不认识放甜辣酱喝冰猕猴桃汁。白天这幢楼抑或附近又有人装修各种机器作业轰鸣很吵所幸持续时间不长。天气半阴半晴阳光偶尔露一下面但不明显。这样最好了出门不晒不热方便我跑 全文,3.25E-05
爸爸昨天说他午饭时间看了一个关于自闭症的科普视频我那你看完有什么想法爸爸夏夏现在当然不像但是小的时候真的挺像的。以前都只有我一个人觉得爸爸一直觉得她很正常我但是以前你们都说是因为我跟他讲话太少她才不会说话。爸爸冰箱理论已经被证明是错的我但你现在才 全文,0.999999898
难得拍到一个夏夏吃饭这么顺利的视频虽然还是挑食不吃肉肉不吃青菜但是好歹吃了她就喜欢阿姨做的蒸鱼～夏夏的魔性笑声 小短腿夏酱的微博视频 ,0.999587914
奶舅被迫营业8521个月男娃今天刚学会勺子吃饭。几乎给啥吃啥但家有老人惯孩子让他自己吃长辈就嫌脏嫌手势不对等等。今天我不在家据说队友让他练了一下午就学会了。基本坚持坐餐椅饱了不会坚持喂如果说给爸爸吃还不抢就是饱了。会玩玩具或看其他小朋友的吃播所以对吃饭的情绪还好 全文,0.999999742
航哥绘本记录 3y11m4d昨天读了这两本航哥貌似非常喜欢我不要被吃掉这本每天睡觉都要放在头顶陪着时不时拿出来看看今天吃完早饭还一个人坐在那里看了好久这里面的卡门机智勇敢总是能化险为夷我也好喜欢怪不得他要说自己是卡门。我好喜欢她这一本貌似不太适合航哥看 全文,0.999836565
吃饭的时候 ,0.533088235
捞男一般是哭穷要钱买东西甚至让对方背债且遇到富婆就立刻跑路。HalloCoco前男友其实我不太确定捞的标准是什么捞女的话捞房捞车捞男捞什么日常AA去高级点的餐厅吃饭我付3次他付1次这样旅游我出大头送过包包皮带首饰衬衣这些奢侈品均驴牌卡地亚杰尼亚给他添置过家具。,0.817163052
感谢孩子吃饭问题奶舅有妙招～,0.94631742
早饭面包已经给我吃一半了 ,0.377619818
饭渣夏吃饭啦 中午一看我们吃的是米粉她就自己要求吃只要粉别的加料都不行看她吃饭真的太搞笑了小心翼翼的样子很谨慎围兜纯属仪式感。 小短腿夏酱的微博视频 ,0.840022449
睡觉。 ,0.449275362
打卡睡觉今儿个元旦看到不少人写着今年要做的事情我居然发现自己没啥可写的好像对生活越来越没期待就算是下一秒死去也不可惜的那种😔怎么说呢惟愿我依旧热爱生活热爱这大千世界爱我自己2020爱你爱你年就好好爱我吧也希望各种锦鲤大佬大神能够爱我晚安 ,0.999997785
新年心愿 1看10本书2短期旅游一次3到5天长途旅游一次7到10天3发两篇文章4写日记5瘦身100斤以下6保持每周5天12点前睡觉7工作日至少一天自己做饭吃加油加油加油 ,0.000709486
其实我觉得有时候对方没那么喜欢你养鱼你就摆正心态好好当鱼鱼有鱼的快乐互联网时代现在鱼塘都是云端的轻松共享可以在每个鱼塘游来游去。给一百个天菜当plan b做他们人生疲劳的加油站。人一直仰着头很累的谁都会有低头的时候他们难过空虚的时候找你吃饭睡觉睡完又拍拍屁股觉 全文,0.999999221
今天上午我和爸爸睡懒觉阿姨带夏夏去公园蹦哒了一早上回来中午见到我们了还一直在跳。我问阿姨她怎么还没玩累放电没放够吗阿姨你女儿你还不知道吗晚上睡觉脚都竖起来跳舞的人 夏酱家阿姨 ,0.001951336
睡觉💤 ,0.423450025
打卡睡觉晚安愿明天一切都好 ,0.216550226
太惨了她整理了一天一夜平时九点就睡觉的人弄到晚上两点整理图片写攻略翻app拼图排版结果被限流你们可怜可怜她去看一眼吧。 ,0.053043374
这个话题还有想要评论的吗我准备全部回复完睡觉去了。明天谢老师来珠海玩晚上和他去澳门的米其林摘完星还要跟大家更新奶舅新书专栏,0.554923563
打卡睡觉晚安愿明天一切都好好运 ,0.1992622
给帅哥们介绍一个米兰超棒的旅游项目绝对流连忘返性价比超高让你忘不了来米兰旅游一定不要错过是只有真正帅哥才可以体验的和人五睡觉。 ,0.999896006
打卡睡觉最近的感冒真的反反复复被波～说居然在大夏天的南宁感冒今天各种酸痛中午睡了两个小时没见好头也痛真的太痛苦了晚安但愿明天能好了吧好运 ,0.002241245
11月底到现在感冒一直反反复复我他喵真是难受死了昨晚睡觉突然各种不舒服醒来头晕全身酸痛无力可真太累了 ,0.001179434
打卡睡觉晚安最近大概因为感冒反反复复导致姨妈有点混乱觉得身为女生好麻烦来姨妈烦不来也烦愿睡醒后一切都好好运 ,0.000268204
打卡睡觉晚安我感觉感冒又要复发的节奏啊啊啊啊不要啊愿睡醒有好运 ,0.323553706
打卡睡觉晚安今天嗓子突然难受然后声音骤然低几个度大概如果感冒复发会是来势汹汹愿明日醒来会好些好运 ,0.435704766
猫发春狗狂吠倒垃圾桶楼下拉卷帘门凌晨各种吵闹影响人睡觉。 台州 ,0.005804905
我经常在微博吐槽我家阿姨没想到就这样也撑了一年多了 在我家准备迎来第二个春节。阿姨是有很多缺点的比如做饭很单调以至于我们都不太想回家吃饭比如不识字带来一些不便比如耳背让我们都要大声地跟他讲话。但是阿姨也有一些打动我的地方吧比如前天我在房间睡觉阿姨带着夏夏从外面 全文,0.981548212
今日份XX 当白天要开一天的会还要加班到十一点多的时候回家后就会莫名不想睡觉仿佛这一天真正属于自己的时间只有这午夜的片刻2020早睡 ,0.06222102
打卡睡觉晚安嗓子还是哑感觉在回家之前都没法好了明天没那么难受就好愿睡醒有好运爱你 ,0.061441801
最近一到睡觉的点就不困难受坏了。如果我有钱我就买个房把卧室装修成北大图书馆人文社科阅览室的样子在那里我曾经畅享最高质量的睡眠。 ,0.968494236
打卡睡觉晚安今日签收了2020年的第一份幸运然后发现随机寄的色号也是我爱的幸运中的幸运愿可以一直这么幸运醒来有好运呀 ,0.999793013
夏夏现在是个小甜心跟我打车回到家楼下车停在小区门口她就自己说到ne～下车～叔叔拜拜👋进电梯看到人都会打招呼hano～这会还不睡觉我说她她就来亲我的脸老母亲无法抵挡这份爱 ,0.947615099
这应该主要是哥哥的问题要给哥哥做好家庭规则的培养才行哥哥四岁四个月、弟弟一岁半。好像是不是只要是俩男孩都会打架哥哥放学回家到睡觉这段时间太难熬陪玩amp拉架好累,0.999999999
嗓子难受总想咳以至于这个点还没睡不行了还是得睡了正式打卡睡觉晚安今日毫无惊喜愿明早起来后发现腌的萝卜好吃买的零食好吃睡醒见好运吖爱你 ,0.590996613
阿姨说夏夏睡觉腿都在跳舞💃大概是这个亚子。 小短腿夏酱的微博视频 ,0.751462301
美国用无人机干掉了苏莱曼尼伊朗反击发射导弹炸死0人搞纪念活动自己踩死56人精神紧张失误搞掉了乌克兰客机死了82名伊朗人63名伊朗裔加拿大人还有其他国家人士要赔一架客机还有人身赔偿。直接战损比 0人202人。川总睡觉都得笑出声。伊朗也向全世界证明看看我发狠了自己人都不在 全文,1.12E-08
生活博主我一向自诩为一个没什么拖延症的人但是面对搬家和新学校这种事还是一筹莫展——本来今天就应该出发的但是我到现在什么东西都还没打包。想想一堆杂事睡觉都不踏实可以说非常掉头发了。 ,0.927242956
11点半回到家阿姨哄娃睡觉老公去加班我现在还在挣扎着起来去遛狗走了一天脚好酸。 ,0.63292866
打卡睡觉晚安体温38℃的晚上希望依旧能安眠愿睡醒后一切都好醒来有好运爱你 ,0.170294222
很不好但我却很擅长的事 哈哈哈哈这样的事情太多了睡觉就是我想天天睡觉还有钱哈哈哈哈 ,0.935502623
打卡睡觉晚安最近有点难受好在想想准备可以回去过年了倒也还好愿睡醒有好运爱你 ,0.050087216
很开心好兄弟发新专辑了昨天这个逼占用我睡觉时间强行要我听完他所有歌曲才能睡我听完之后也跟他交流过总体来说这是一张比较成熟、值得一听的专辑尽管它可以更精进不过在今后他的音乐之路上必然可以听到更多可能性倒不如现在来感受一下他此刻想表达的吧 查看图片,0.999980936
昨天晚上大家工作到很晚搞到快三点了还没弄完我都困了然后新同事就说他有些问题不知道怎么解决我大概听了一下啥问题然后我就123给他讲清楚。后来我就说赶紧都睡觉吧早上还得冲浪。回去后我躺到床上我发现人的成长轨迹都是惊人的相似。因为这家伙问我的问题让我有一种熟悉感这种 全文,0.889300198
打卡睡觉晚安头好痛愿睡醒一切都好醒来见好运爱你 ,0.192962134
打卡睡觉晚安最近每天的睡觉卡都会在最末说句爱你是因为不论如何希望自己可以永远爱自己愿睡醒有好运爱你 ,0.388829742
打卡睡觉晚安最近睡得都比较晚各种不舒服今晚是肚子难受但愿醒来会好些睡醒有好运爱你 ,0.027466738
看北南老师的微博种草了 家居设计改造王 这个游戏由于本人手机和平板都是安卓系统不得已偷拿了我妈的ipad下载了一个结果发现它要靠玩消消乐得金币才能设计家居被我妈发现还被讽刺玩幼稚小游戏谁能想到两天过去了我妈比我玩得还欢甚至趁我睡觉把我攒的体力全用完了 全文,0.999997766
我每天晚上加班工作的时候都觉得自己要发财了然后开开心心去睡觉 ,0.747302468
打卡睡觉晚安今晚肚子依旧不舒服好在明天可以休息一天但愿等会入睡不困难吧睡醒有好运爱你 ,0.00406002
夏酱的日托日常午睡真的是件很神奇的事  跟日托老师说很好奇怎么把夏夏哄睡的老师特地拍了视频给我看一个老师哄两个小朋友好有爱哦。脚会跳舞的就是皮皮夏啦。阿姨早上跟我说夏夏半夜老是爬起来感觉不想睡觉可能是白天睡多了。我说她在幼儿园中午十二点半睡到三点还不想起来 全文,0.993339695
打卡睡觉晚安大家都说他念了名字但我关注点不在说了啥而是他怔了好几秒。看了有些心疼。愿都好吧睡醒有好运爱你 ,0.791047666
打卡睡觉晚安感觉全世界除了我还没能回家大家都回了虽然回家会被我妈骂但也有点想回了睡醒有好运爱你 ,0.689908355
星期六中午通知加班 下午两点干到晚上十二点收拾完一点睡觉 星期天六点起来上班 到现在还没下班 已经不间断工作了34小时了纳税人的钱绝对不白花 ,1.27E-05
其实不是阶级压迫是性别压迫。婚育内的生育本质是一样的。地主对贫女的压迫与丈夫对妻子的压迫有什么区别只不过男人们不愿意承认这点因为提阶级压迫还可以当成他们的遮羞布假装自己也是受害者而如果正视性别压迫这个事实就掩盖不了他们加,0.952540637
打卡睡觉晚安今天算是蛮幸运的百度集卡本来还缺两张稀有卡但微博上有两个姐妹送我了所以就集齐了万分感谢姐妹们现在就差抖音钻了不过大概是内部卡不强求了明天是奔波的一天希望顺利睡醒有好运爱你 ,0.376107
如果夫妻家长和孩子每天睡觉前都能花几分钟分享下今天的快乐和悲伤坚持三十天完全不一样 深圳·深圳广播电影电视集团 ,0.999958125
打卡睡觉晚安今天去教育局领了介绍信才发觉年后就真的要离开城市去小镇生活了呢之前觉得没啥现在想想要去不熟悉的地方开始全新的生活还是挺需要勇气的愿我到时候顺利吧睡醒有好运愿大家都平平安安健健康康过年🙏爱你 ,0.999667242
我在房间睡觉结果被阿姨强行叫醒了。因为我妈觉得我一天没吃东西让阿姨逼我喝汤和果汁我真的好困什么都喝不下边喝边在嗷嗷的哭可太难了 ,0.000609202
春节对自己的要求在家多睡觉好好吃饭不传谣不信谣不给ZF找麻烦管好我自己 ,0.013935611
鼠年开运自拍新年快乐第一个祝福 其实十二点就准备睡觉💤晚安喽春节摄影大赛 绿洲 慕行之的微博视频 ,0.887833163
这几天除了睡觉一整天跟夏夏玩真的是进步很快她已经体会到了语言的好处熟练掌握了爸爸～妈妈～快来 在这里 过来～一起丸～ 等用来叫我们去陪她玩的词语。能通过语言得到她想要的反馈让她更有动力开口。以前她不懂这一点每次想要什么都是直接用手拉着我们过去的。 全文,0.999998213
说什么互相有好感但大家都比较理智各自都不会为了爱情很疯狂了～之类的话还不是因为没把握不确定。再不要脸一点往前走一步就知道要么在一起要么不联系。我就喜欢做不要脸的那个人把话说死路走绝不喜欢我不能和我睡觉大家马上闹翻谁都不缺这个朋友。 ,0.965188716
前天下午娃从三点睡到六点半中间我要喊她起床老公说你这是在剥夺别人的睡觉权拦住我了。我说行吧那晚上哄睡你负责。爸爸心一横我负责就我负责于是那天晚上娃蹦哒到凌晨一点老父亲欲哭无泪。今天娃又从三点睡到六点半我说我要去叫娃起床了你有意见吗爸爸谦卑地说不敢 全文,0.483893504
育儿博主给Mia买了个佩琪的斜挎包今天视频不小心被她看到了——结果我全程都要举着个包跟她说话放下她就我看佩琪提包一般平常我跟她视频一会她就爸爸睡觉撵我去睡觉了今天死活都不愿意挂电话。好不容易用几个红包收买之后爸爸再见完了还得加一句佩琪再见。我觉得这才 全文,0.07944477
我个人经验是无论几点睡都固定睡眠时长非高压工作6小时高压工作78小时。大多人并不会睡的越多精力越好相反会越来越懒散。我身边3个朋友孤沽2皮阿琛这三个人都很喜欢睡觉但事实上我观察下来他们睡的越多注意力精神思维反应反而越慢但正常休息或早起反而很活跃。 ,0.999249586
我本只想宅在家里吃饭睡觉打麻将让日子好过点让心情平静点。网络授课谁能叫停 ,0.551051025
和男孩子第一次睡觉一定不要说死说我今天好累不想做只想你抱着我睡觉可以吗睡的时候他抱着你随便蹭两下挑逗他硬了就说啊什么东西顶到我了然后马上上手摸。小的话就是小坏蛋不老实哦想什么呢还不快点睡觉大的话就哼哼两声亲他和他 全文,0.464361905
愿意和我睡觉的点个赞我看看我都睡得到睡 ,0.900502954
春节假期在家做的事看电视、去饭店吃年夜饭、拜年、吃零食、吃水果砂糖橘、苹果、香梨、喝核桃花生牛奶、集支付宝五福、今日头条钻卡、参加今日头条头号英雄在线答题、上网挂QQ、手机上看电影囧妈、步行完成QQ运动任务、睡觉、去院子里和房前屋后割青菜。 宣城·泾县 ,0.999767696
我以前的日常不就是很多公务员的日常吗各种小结总结心得体会我曾经熬夜不睡觉和同事手工去汇总几个完全不需要的数据A3纸质表格就因为科长说第二天开会领导要用结果压根没用我突然想起来这篇微博。伪工作做得多了自然真工作就不会做了。,0.128941664
世界卫生组织我去睡觉了 ,0.861863809
我好饿哦 怎么我们这拨人都是半夜三更不睡觉到处找口罩防护服护目镜消毒水自己贴钱贴力气贴时间的么 绿洲 ,3.43E-05
为什么在家里睡觉头发都会油 ,0.569724249
2020年2月7日双休日第一天也是年后返回台州后首个休息日。正月十四台州人的元宵节晚上有零星鞭炮声。一早已经雨停转阴未出太阳气温较低还是较冷。天气预报显示明天将再次放晴并将持续较长一段时间。凌晨3点左右睡觉上午9点多第一次醒又睡过去了10点多再醒。11点多出门骑哈罗 全文,1.07E-07
应收尽收应治尽治还要多久还有一个情况就是之前火神山等紧急措施还没好之前很多病例医院里住不进去只能在发热门诊里面住着吊水陪护的家人也只得在医院外面打地铺睡觉唉,2.29E-06
睡觉前再看一眼帅哥洗澡然后心满意足的去睡觉 ,0.576345329
早起看微博又生气又酸关手机继续睡觉了哼 ,0.363885073
既然不能出门就在家偷偷变美我最近真的有在好好调作息过年燥得太厉害然后下单了瑜伽垫和哑铃准备在家做。每天都有认真刷牙泡脚护肤涂脸涂生发精华不马虎涂完按摩头皮三分钟上床然后带Hairmax生发仪躺着玩手机准备睡觉。这些看起来琐碎麻烦的事情真的一样也不能少挨着挨着做完一天 全文,0.002617035
地下室的不好我都考虑到了的哈住进去如果实在不合适再换也不至于为了跟我妈赌气硬住自己不喜欢的地方谢谢大家提醒。不过说真的我非常喜欢压迫感睡觉喜欢盖很重的被子现在住的房子也喜欢把遮光板放下来不开门窗喜欢卡在小角落里面画画。 ,0.000146167
我真的要睡觉了不然我的双眼皮就白做了 ,0.321859495
作息最近都是搞到凌晨一两点才下班凌晨四五点钟才睡觉中午十一二点才醒。 ,0.00703783
四个人在小姨家联手玩分手厨房玩到三点真快落夏夏在九点半的时候被送回家睡觉了 ,0.989031551
昨天信誓旦旦跟奶舅新书专栏 这一期的主席说我睡前会把专栏内容都回复完。结果陪小外甥睡觉一下子睡过了把工作拖到了今天。直接导致我今天要回复50条信息每条信息要回复100字以上。还要准备晚上九点半的专栏内容大概34k字。这么算下来我今天要写将近一万字的内容感动死寄几了 ,0.008502344
我太能睡觉了今天睡到了下午三点起床吃完饭五点开始睡又睡到了现在起床 我睡神实锤 ,0.000606113
一时裸睡一睡爽一直裸睡一直爽开空调冰冰凉凉被子里抱着枕头睡觉简直太舒服了 ,0.002576495
睡觉💤 ,0.423450025
武汉某区出台最严隔离令其中要求夫妻分床睡觉您怎么看强制休息令 韩国前总统李明博二审获刑17年 最新疫情地图 澄泓研究君的微博投票 ,0.331228682
已经很多天没有睡午觉了借楼问问这里的妈妈们有没有两岁半的小朋友已经不睡午觉的我女儿简直就是入睡困难户午睡能翻来覆去一个小时睡不着。晚上可以在床上翻来覆去一到两个小时不睡觉她不睡也不让我走。我已经陪睡陪得崩溃可是不午睡晚上五六点的时候累极了心情不好各种作,2.15E-05
每晚三省吾身为什么还不睡觉为什么还不睡觉为什么还不睡觉 ,0.815673082
昨天睡不着因为枕头太低。今天睡不着因为枕头太高。颈椎我睡眠的阿克琉斯之踵。我连睡觉都不会我还能干啥生自己的气 ,0.00042041
爸爸昨晚睡觉前跟我说要好好睡个懒觉补个眠。但是又看了很多女儿的视频拍玩具那条看了几十遍今天早上八点多就醒来眼巴巴等着女儿也睡醒跟她玩。,0.44814889
●食堂夜宵都忘了吃本来打算10点半左右再去结果忙着校对版面等忙完一看时间都已经11点多了已经超过夜宵供应时间了感叹这时间怎么过得这么快●今天生物钟也有点乱一度以为是星期六到中午才想起来还是星期五。可能和昨天晚上再度失眠有关大家都在睡觉的时候睡不着白天又睡不醒另 全文,0.001009115
晚上该睡觉的时候我睡不着白天该起床的时候我却又睡不醒怎么破 ,0.000227831
忙完专栏累得要睡觉了突然收到几位估计刚追完专栏内容的朋友私信询问我是不是被漏掉了。说明一下因为人太多还有几位朋友是顺延到下周了的助理大人明天才会帮我确定下周的日程安排请耐心等待一下呀。3月份的20个名额对外开放了早约早安排,0.044093462
emmm不得不服哈哈哈哈哈哈哈哈哈XSWL哈哈哈哈哈哈哈哈哈哈哈 有理有据哈哈哈哈哈哈哈哈哈哈哈,0.999999858
应该的他们是最可爱的人打了抗击疫情的上甘岭刚下来呢。赶紧睡觉好好休息增加抵抗力。,0.462517852
请过我吃饭的我是不会还钱的但是可以和你睡觉。 ,0.172191364
给你们说我有多荒谬。之前喜欢想睡一个小男生人家不喜欢我我坐火车跑过去找他请他和他朋友吃饭然后他请我喝了咖啡。我说来米兰找我请我吃饭他说好。然后我找他那个被拒来了米兰也没找我也没请我吃饭。晚上睡觉刷手机又看到他头像气不过跟他说把饭钱给我。他然后把 全文,1.66E-08
228哲学和经济笔记×2每天认真洗脸多读书按时睡觉少食多餐不熬夜多喝水不开心的时候就看熊猫。明天开始我一定可以 ,0.477958675
老娘总是很乐观也很坚强也很倔强也很固执也很要面子所以作为闺女滴我也会很努力现在睡觉 睡不着就数星星 ,0.999948919
最晚睡觉才400多今天起床528吃了个饭躺着一看650了。 ,0.003979282
转完睡觉,0.550558045
我睡觉真的很不乖醒来别说脚在枕头上人在床底下的概率都不小。现在我在机场戴口罩安检闷得浑身难受真怕今晚在飞机上睡着醒来发现因为呼吸不畅自己已经在梦里把口罩掀到脑门上了 ,0.045726339
昨天我发完这条微博就睡觉了睡了个懒觉起床后也没看微博现在准备去冲浪打开一看发下面评论翻车了你们似乎对我说的第五点不是很认同你们非常虚伪啊,0.001049285
哎呀呀啊  可爱,0.808888889
尼玛白天看A股半夜看美股早上醒来看国内疫情人数晚上睡觉前看外围疫情状况。我快疯了白头发都出了好几根。。。 ,0.000184746
睡觉咯 ,0.388950148
让我想起来好几年前有个妹子发帖男朋友在睡觉她想放屁然后跟男朋友开玩笑屁股对着男朋友脸准备放屁但是没绷住拉了一坨屎在男朋友脸上男朋友醒了要跟她分手不喜欢他这么做的话下次他再咬的时候你就放个屁。,0.020952242
每个孩子很不一样啊这个很难训练的奶舅8岁还褥子上搞创作呢能做的就是帮助孩子控制好睡前的饮水量怎么训练孩子晚上睡觉也不穿纸尿裤呢小孩儿晚上睡得太香总是忘记自己是在睡梦里然后就尿床怎么训练呢,0.997210212
纸尿裤使用不当会造成心理问题  还有一些小朋友上幼儿园睡觉是需要穿纸尿裤的在小外甥入园家长会上园长的一句话惊到了姐姐他回来讲给我听。虽然事情过去有段时间了还是很想要跟大家分享一下纸尿裤和心理问题之间很容易被忽视的那些问题。通常进入公立幼儿园的小朋友都在3 全文,0.99999851
弟弟突然想要孵小鸡每天一早起来就抱着个生鸡蛋玩的时候就装进口袋里睡觉再放回去今天已经第三天了。。。孵满三十天后没有小鸡出来我该如何解释今天你被孩子逼疯了吗 ,0.010206211
当代辣妈等级表我爱旅行爱自由爱生活爱你们 你们最好自己吃饭自己睡觉自己收拾玩具别惦记我的吃的把该干的活干干好乱发脾气可不好你哭你的我只当听不见 ,0.998704697
点滴小事 依旧是忙碌的一天忙到早上的碗晚上还没刷晚上的饭老公回来做记一件昨晚的事吧晚上我在听老师讲题有道题想了很久正在关键处航哥进来央我陪他睡觉我知道很晚了他困了可是被忽然打断思路让我瞬间很恼火站起来打算先把他哄睡可是他又偏偏因为关了灯 全文,0.9593135
每天七天起床先给自己做点东西吃然后洗个澡 敷面膜眼膜和豆豆玩会然后激动地等爸爸起床起来下一会五子棋军棋然后和妈妈一起做午饭吃完饭陪爸妈一起看电视在院子里溜达会然后激动地等晚饭吃完晚饭准时困了上床睡觉最近每天都是提前养老般的生活这就是周濛濛的一天 ,0.37931414
辛苦辛苦今天晚上除了给大家讲可改变的人们未公开的部分还会和大家商量一个长期的quot见面quot模式大家就可以监督奶舅持续营业产出新内容了九点睡觉的我决定撑着,0.968084527
经历了分娩式女装袭击后目前母女平安。她看完了没说话我问她怎么样她说她要睡觉了。我觉得她需要点时间思考。妈咪视频看完了吗哈哈哈哈哈坐等后续,0.998094226
奶舅被迫营业5点赞抽2元中奖体验幼儿隐私是我可以别人不可以并不是quot去年儿子3岁时很频繁玩自己的隐私部位而且很认真。于是我趁晚上睡觉时跟他说这属于宝贝的隐私是不能被别人看见的你不能在有人的地方玩。于是之后他都是一个人躲在房间玩。有一次我进房间看见了装作没看 全文,0.303890547
哈哈哈心疼老母亲见初唯一遗憾的是一直坚持不亲娃的结果有天睡觉这家伙突然抱着我的头呱唧一口把初吻献给了我扎扎实实一嘴见初娃不到三岁洗澡换尿不湿就不让我碰鸡鸡了我说我不看我抬头给你洗。从小换衣服我就避开他上厕所反锁。,0.006049221
赵薇超话眼睛睁不开了睡觉去了提前祝小赵生日快乐万事如意身体健康 ,0.996834524
又被夏夏灵魂拷问了我陪她在涂色打了个哈欠我说妈妈好困好困。夏夏头也不抬为婶么为婶么好困我因为晚上没睡觉。夏夏为婶么为婶么没睡觉我我错了还不行吗 ,0.818530109
抖音大帅哥说隔离结束可不可以来找我睡觉但是就just艹一下还说怕我难过。我跟他说你是帅哥你要知道自己的身份我难过什么跟你艹到就是赚到。 ,0.031349218
我和别的男人睡觉我的炮友吃醋我心里想炮友而已管东管西以为自己什么身份。我炮友和别的男人睡觉我吃醋我心里想呵呵也是看清楚了人性如此男人都是一个样我还以为我们之间会有一些高于现实的东西。 ,0.0028511
我和别的男人睡觉我的炮友吃醋我心里想炮友而已管东管西以为自己什么身份。我炮友和别的男人睡觉我吃醋我心里想呵呵也是看清楚了人性如此男人都是一个样我还以为我们之间会有一些高于现实的东西。 ,0.0028511
乖乖睡觉想给娃娃尝试做一套衣服 ,0.851471083
一直都是在她面前刷牙到了晚上睡前就主动要求自己要刷牙非要先自己刷一遍妈妈才能帮忙刷也很配合该张嘴张嘴。虽然有时候该睡觉了自己要求刷牙只是因为她不想睡觉而已哈哈。,0.959722268
嗯还是你说的那样－－改变可以改变的人。 小孩快三岁了。疫情开始后一直喜欢跟奶奶睡白天玩的时候不念奶奶一到晚上睡觉就要哭着去一开始我们两个大人哄着小孩能和我们睡两天后面就一直哭着要去奶奶屋老人一听孩子哭就不舒服家里气氛就紧张。后面我们两大人商量出一个对策。,0.998258351
如果你失眠的话你可以问自己一个问题我要不要起床打扫卫生我思考完这个问题之后又在床上睡了两个小时今天也是爱睡觉的一天但我家已经快一个月没打扫了 ,0.017472855
回来之前我还幻想要好好读书写东西。现在真的每天白天睡觉晚上醒醒了就点外卖在家一边吃烧烤一边用机顶盒看斗破苍穹。看到28集了都。 ,0.1678474
它可以在摸鱼怀里睡觉但不给我抱。操他妈它屎粘在屁股上是我给他擦毛脏了还是我给他擦艹我心里恨你也不用把这个猫根本不喜欢我我想再弄一个试试看说的这么隐晦,0.963782943
令人唏嘘的意大利在过去一天又新增死亡427例 累计死亡3405例 超过了中国的3250例 成为因新冠疫情死亡人数最多的国家。另外意大利再新增确诊5322例 累计 41035例。现在老胡每天下夜班不敢睡觉因为世界总是这个时候有最悲苦的欧洲疫情数据出来它们一再冲刷我对这场全球大流行病、乃至对这个世界的 全文,0.991339027
凌晨12点50分许下班1点10分许回来2点40分许睡觉8点20分许就醒了只睡了5个半小时真是难得。 台州·银河商城 ,0.000136052
我他妈的要气昏过去了。刚摸鱼抱着Kuta在睡觉Kuta睡在摸鱼怀里一只头露在外面我想去看看它。就头凑近过去看着它这小逼崽子看了我两秒把头一别整个头埋到了摸鱼的胸口。气得我真的要裂开了卧槽 ,0.776770839
最近真的圆了没想到瓜子脸又重回蜡笔小新脸了刚上称266斤比年前胖了46斤中午睡觉太热了醒来脖子的褶皱里居然有泥垢了小时候米其林时期才会这样啊 ,2.83E-05
刚Kuta突然不见了我去找他他经常躲在各种犄角旮旯里结果把家翻了个遍也没找到他四十分钟过去了把我急得要死。最后还是听到微微的呼噜声才发现他在衣柜里的一个白色防尘袋里睡觉睡得可香 ,8.89E-06
睡醒了有点头疼可能是晚上睡觉的时候没有人抱后背着凉了 ,0.006017257
让我看看谁还没睡觉 ,0.328547047
发现姐姐大半夜不睡觉在房间偷偷看三国突然想到自己小时候也是躲在被子里打着手电看唐浩明的曾国藩娘俩画风真一致啊。。。 ,0.99981213
真的很讨厌生活中下意识喜欢否定的人。我最近工作压力特别大还有6条视频没剪2条视频没拍两个产品供货方疯狂催ddl营销方案还没开始写。本来昨天吃好褪黑素准备睡觉了我妈突然凌晨一点哭着来敲我门说她睡不着。我纠结了很久还是决定去陪她睡觉。当然心里也清楚不是单纯的睡觉肯定是 全文,0.992516244
从南京电信出来沿着北京东路瞎晃两侧的雪松绿了路过鸡鸣寺樱花也掉的差不多了绕着玄武湖一圈风吹得好冷干嘛不回去睡觉😪 ,0.043856794
图三是安排了小人在里面睡觉还盖了被子吗,0.268840624
如果大家知道这半年来我都经历了什么 大概就会明白我为什么会说出我想死这种话了因为王恺恺小姐就连睡觉梦到被恐龙追 她也能给我发信息怨我说 周扬青你知道我为什么会做这么恐怖的梦吗因为你没有给我介绍男朋友,0.89158747
大佬的工位很满意的亚子已经让阿姨带大佬回家睡觉了 ,0.983534035
奶舅被迫营业25评论抽5元中奖体验养育误区事倍功半的叠音词生活中经常看到带3岁以下小孩玩的时候家长会用吃饭饭、喝水水、睡觉觉这样的叠音词。不少家长会认为用这样的方式可以跟小孩拉近距离还有一些家长会觉得这样小孩更容易理解。但其实在奶舅接触了上百个幼儿案例之后发现 全文,0.999999787
业力维修工具1—4项1获取足够吃的食物然后吃。2找到一个安静的地方睡觉然后睡在那里。3减少理智的和情绪的噪音直到你到达了你自己的寂静然后聆听它。4 ,0.821408849
每天晚上抓猫回房睡觉是我把东西撞了我训话是我屎沾屁股毛上了按住他们擦的还是我坏事全我做我爱的认真爱的深然后好处全给你占尽,0.504995399
别小男孩儿了你睡觉时睡姿宛如山野土匪小男孩儿没你这样的,0.982518588
厉害说一个我自己的有点蠢的方法。小时候我很怕鬼很喜欢孙悟空。晚上一个睡觉的时候我就会模仿孙悟空腾云的姿势然后安慰自己说鬼怪看到了搞不好就觉得我是孙悟空变身的至少也会觉得孙悟空和我是拜把子。一定程度上蛮有效的。,0.033763174
只要天天晚上不睡觉狂玩社交网络大家就会下意识地觉得你很年轻这是我的一个经验 ,0.96071192
总结一下昨天周一上班的第一天我们三位妈妈妈妈一号来了一上午中午12点回家喂娃吃饭哄娃睡觉了。妈妈二号带娃上班为避开地铁高峰十点半上班四点半下班。妈妈三号我本人十点上班下午把娃带来工作室一半沟通一半陪玩发现毫无工作效率所以我每天都在纠结是把娃带去 全文,0.925176188
又困又累的时候孩子最容易闹腾难怪我家晚上睡觉这么难每次说睡觉都拒绝关了灯在床上要翻来覆去起码半小时。,0.00633769
周中天黑前回家的小朋友普遍作息更规律家长操心少晚上不出门这个是宝宝小时候怕黑就比较少出去。现在晚上八点要睡觉七点要洗澡六点吃晚饭那么五点半要回家做饭也就没时间出去了,0.057148428
想不想和我睡觉 人五的微博投票 ,0.421426711
2020年4月3日双休日第一天也是我的清明小长假第一天。昨天晚上到凌晨1点40分徐许才下班1点48分签退骑车回来2点07分进门5点一刻睡觉中午11点半才行睡了6个多小时。下班前QQ接收并第一时间发送给阳光图文店的路桥文史杂志电子版对方已经接收但不知道是否已经打印好晚上未去取 全文,1.54E-09
答应我多喝热水早睡觉💤  还有记得想我的男神TY ,0.078794445
养猫须知 千万不要让猫白天一直睡觉这周我俩都去上班了但我每次回家打开房门俩猫都四仰八叉在睡觉还打呼噜然后一到半夜他俩就开始跑酷上蹿下跳仿佛在给我们家翻新装修。头几天我们还爬起来教育批评一番再撸撸他们抱到各自的窝里后面实在扛不住就假装听不见。今天早上醒的 全文,0.000132585
一杯白酒下肚坐在摇摇晃晃的公交车上外面阴雨绵绵居然想睡觉了💤 ,0.425714494
试试睡前不跟他玩强制要求睡觉我家的睡前都要折腾个把小时才肯睡  所以是不是根本就不困没必要睡尤其午觉太难了虽然只有一岁半早上七八点醒下午也不是很愿意乖乖睡觉哪怕睡前出去公园玩了一两个小时回来也精力依然旺盛,0.020195663
好孩子我小学那会都是吃完晚饭写完作业就出门跟小伙伴疯玩但是都会好自觉九点就躺床上睡觉,0.999683322
这种阴雨天太适合睡觉了💤 ,0.431606541
2020年4月6日支付宝芝麻信用分调整日不过我上月已经选择自主调整这次是第一次进行自主评估结果还是744分一分未涨。昨天晚上又到凌晨3点半睡觉。上午10点半第一次醒此时本已经睡了7个小时结果还是很困又睡再次醒来又是11点40分了。继续阴一度有风还是比较冷。像这样持续数日既 全文,1.18E-07
激情抄底专场购见评今天这两款性价比都没得说因为渠道也要货为了保证库存就提前搞了价格上我真的尽力了。「Gemsho 睫毛增长液」官方价258定所居无188评论领卷这个我没用过毕竟我睫毛比较长。但是有用过的铁子安利效果据说很不错。睡觉前涂在睫毛根部差不多 全文,0.828876433
困～睡觉 ,0.450353079
太乖了都是天使啊我爆哭小孩这届大人越来越难带了教养好的小朋友太可爱了,0.998776568
老公我也觉得楼上很吵怎么办捏现在的房子隔音效果特别不好  去年下定决心买了个叠墅 对于我这种喜欢超静音睡觉的人真的是特别大的折磨,0.528591478
睡觉前给大家打打气今天这个应该是假摔下周还会继续诱多高潮还没到这是前戏等都以为今天是诱空大盘要突破时那时才是真摔。。。419魔咒前后才会真拉幕。。下周还有机会让你跑路只是你到时候又被洗脑别又舍不得了 ,0.999995199
唉别提了她不仅跟男朋友一起睡觉还能上桌吃饭我第一次听到时都震惊了仅仅是男朋友都睡在一起了,0.021639579
本老母亲被工作虐了一天回家还得打起精神来陪娃讲绘本、玩玩具、做游戏好不容易九点半了阿姨宣布喝neinei进房睡觉了我才躺床上休息一下。没想到这时候老公回来了老公你抱抱我你看看我你陪陪我我生活饶过谁 ,0.94523262
这广告太狂了我看懂了影射那些在宜家商场里睡觉的人都是狗。,0.940659792
大家有什么好的办法吗昨晚晚饭喊半天不吃惩罚不吃饭跟我哭喊还打我我忍不住打了他pp冷静一会后抱着他先道歉了马上也和我道歉了。到睡觉时候问我是不是醒来就可以吃饭了。又好笑又心疼。惩罚应该怎么做不伤感情又有效呢,0.593339261
大晚上一个人躺在床上又想哭觉得自己是一个可悲的老废物又胖又老又秃又丑一把年纪了活在互联网上每天在家吃零食喝奶茶懒不想戴着口罩去健身天天馋小年轻在软件上改年龄p照片修图不愿意面对自己。在网上打嘴炮人家都只是逗逗我根本没有人真的想和我睡觉。坦白说最近广告还 全文,0.999921598
养女事件鲍某是个人渣不过女孩母亲操作也很迷把女孩送给鲍某养自己不跟着心是有多大前几天刷抖音有个妈妈炫耀她二婚老公对她和她带过来和前夫生的女儿多好小姑娘看起来有个四五岁视频是被她老公抱着睡觉老公睡中间她和女儿各睡两边这样。文字大概说的是女儿洗澡也是这个二婚老公 全文,0.99772922
和前任在一起的时候每次聊天聊到要睡觉的时候他都跟我说晚安而我跟他说拜拜。越是亲密关系我越喜欢用冷漠的字眼。一旦真的喜欢一个人再说晚安这样温馨的词总让人觉得有些让人难为情。这是我别扭的方式。他不喜欢我跟他说拜拜我想大概没有人喜欢这个不近人情的词他也想听我跟他说 全文,0.999792395
有一说一打人家版那就是下三滥臭逼行为。别的不说不管三不三她打版过cpb你敢信,0.001457992
3岁左右吧这个时候很多孩子想要掌控一切骗人次数增加我姐姐家小孩有时候对某事总是表达出矛盾的要求例如一会说要刷牙牙刷拿过去了又说不刷了或者睡觉关灯一会让你关你关了就要闹着自己关。我姐说感觉这孩子就是认为这么做好玩但用了任何办法都没法纠正过来确实麻烦,0.02902115
睡觉睡觉💤 ,0.350406462
春天在哪里下雨天最适合在家睡觉 绿洲随手拍春天 ,0.864824618
开开心心看一会儿吃播睡觉了。 ,0.747419594
这天气冷的让我只想睡觉 ,0.115730644
再累也要拉伸拉伸太重要了一会儿拉伸睡觉我是眼睁睁看着我妈天天有氧不拉伸小腿变得越来越粗我现在天天叮嘱他要滚泡沫就要拉伸。 ,0.717536614
生病了才会认真假想如果有个伴不是孤身一人会不会好受一些。乖乖吃药乖乖睡觉。 ,0.233243478
关键这题还是我自己要求出的心态崩了。我决定先睡了太困了。请大家迅速来围观差学生写不出来作业就说老师出题难撩橛子磨蹭到睡觉时间作业还没写完是个什么样子。,0.939576887
是真的这类人可以连续三四天不睡觉的有时候真的嫉妒好感觉自己是低配人,0.704000288
吃饱了就有困倦感想睡觉 ,0.546158514
今天也是有点累吃完饭就去睡觉了梦见我搬进新家了王炸一家过来玩我还给他们介绍我的大冰箱梦里的画面我都记得清清楚楚冰箱哪一格放鸡蛋我都想好了。迷迷糊糊醒来老公刚加班回来就我说我梦见我的大冰箱了老公笑我你一个不做饭的人为什么那么紧脏冰箱。我你不懂哪怕 全文,0.970051428
两个多月难得休息了一个晚上开心的带孩子睡觉去了晚安各位,0.891008446
我最近是不是上年纪了 吃完饭一定要走一走消消食不然就感觉浑身不舒服。我记得以前吃完打个饱嗝直接睡觉也没啥难受的啊 ,0.072617111
我才是被屈楚萧sm的那一个哇为了看八卦我都不敢睡觉我他妈才植完发哇 ,0.060113351
再补充下我的每15分钟定律如果过了0点我还没睡那选择睡觉的时间会卡在015 or 030 or 045 如果第二天要上班是不敢跨过1点的晚安好梦,4.15E-06
一个普男好好吃饭好好睡觉安静地过一生那就啥事儿没有。什么时候开始琢磨人家心里在想什么可以说这个普男就完了。 ,0.997926357
老子也算是见了大风大浪了被谦友骂的时候我笑着被莲姐姐骂的时候我笑着被现女友骂的时候我笑着我排位五连败我哭得我妈让我声音小点她要睡觉。 ,0.998960679
没太看懂我姐现在有了二胎我侄子说要是爸爸喝醉就好了醉了就睡沙发可以和妈妈睡了我回去的时候晚上睡觉给他晚上妈妈把妹妹哄好了你都睡着了但是还要来看你,0.599977434
我和摸鱼明天去度假然后把两只猫送去寄养几天kuta非常淡定紧张了一会儿后就开始睡觉但hana显然是看着个头大胆子小的一匹喵喵喵叫显得很焦虑但好在它自己找到了缓解焦虑的办法揍kuta。 ,0.999141573
不睡觉的时候就不签到守着二十分钟就是不签到放心的放下手机结果一合眼马上就签到嗯嗯老倒霉蛋了。 ,0.000651915
奶舅被迫营业57哥俩、姐俩咋都打架呢1哥哥四岁四个月、弟弟一岁半是不是只要是俩男孩都会打架哥哥放学回家到睡觉这段时间太难熬陪玩amp拉架好累2俩姐妹也会打架而且一般都是小的先惹大的大的忍无可忍就会把小的揍一顿然后小的哭着找我告状。奶舅分析这两个案例特别类似 全文,1
对牛弹琴李跃华在弹琴吴鹏飞昨晚的公众号文章新冠病毒最怕一个中国人再次宣传李跃华并提到了李跃华弹琴。这个世界就是这样的不堪小小的、肉眼看不见的病毒可以把人类搅得无法安宁。但其实卤水点豆腐一物降一物李跃华的防治方法恰是对付病毒的极好方案却还在官方的沉默中睡觉,0.999998632
我出生在六月最喜欢的是夏天。这前后是否有因果关系不清楚。本身就是个怕麻烦的人冬天的时候去哪儿都要抓一件外套真的是受够了。天气热的时候可以做到穿衣自由在大太阳下总感觉能有更多能量去做事气温一低就只想睡觉。你们呢最喜欢哪个季节 301 Moved Permanently ,0.587019741
早上拍的女明星睡觉还要做作托腮 ,0.743822949
哄完娃睡觉已经酝酿了半小时没动身的人疯狂点头,0.387418649
奶舅被迫营业60我家邻居去年5月二胎生了女宝爱笑除了要吃要睡觉和出去玩也不闹闹了你哄一下马上停算是乖巧听话。五岁的哥哥觉得妹妹的到来抢了妈妈的宠爱就非常吃醋经常故意去弄哭她。外公重病外婆陪院。爸爸奶奶在外地。只有妈妈一个人带他们两个还在哺乳期。看着就崩溃了不是 全文,0.999999998
什么是精神食粮对要死之人我解文武来说李跃华的防治方法得到更多的应用就是。长年被公权力腐败的折磨时不时会感觉昏昏欲睡近日的老眼昏花也逐日严重坐在电脑前时间长了甚至会有点晕这样就不得不睡觉休息。一觉醒来即使是迷糊着双眼一看到有关李跃华的好消息就会立马蹦到电脑前。,0.999399371
五四青年节暨五四运动百一周年纪念日。依旧晴热高温连续第三天明天大幅降温回归正常。我的五一假期结束明天返程。这个五一假期因为突如其来始料不及的晴热高温天气哪也没去啥也没干就宅在家里睡觉上网玩手机看书吃吃喝喝了。汽车两天一班恰好明天没有所以还是得坐火车。好处一是不用 全文,0.24251438
航哥绘本记录 3y10m11d昨天只读了一本还是爸爸读的另外航自己又翻了好几遍这本轱辘轱辘电车大概昨晚发现了太多内容他需要反复消化。可能出去挖菜回来又挖菜真把航哥累到了加上中午没睡晚饭后跟爸爸玩了一会我刷碗的功夫就睡着了都没来得及叫我陪他睡觉就被爸爸撂倒 全文,0.999997394
本人决定即日起每天1230前睡觉不玩手机请大家踊跃监督本人。不熬夜的理由是因为本人没有钱💰天天做医美只能够曲线救国。 ,0.059130052
我每天都跟自己讲我一定要在12点睡觉结果每天都拖到2点。明天我一定要在12点前睡觉。因为我的医美很贵我烧不起 ,0.007982061
我真的极度渴肤比性生活更需要的是拥抱。开心的时候想拥抱沮丧的时候想拥抱闲来无事想拥抱睡觉的时候也必须拥抱。拥抱是充电器是镇定剂是焦糖配蜂蜜。作为21世纪新孤独年轻人这些年抱得最多的就是枕头但跟真人比还是不得劲。怎么还没有商家悟到加热抱枕的市场啊枕头软软心头也 全文,0.999999979
睡醒了吃早饭昨天是坚持1230就放下手机开始睡觉的第一天。然后睡醒了以后发现整个人横过来了。就本来我是竖着很正常的睡在床上。早上醒来的时候我发现我是横着睡的害遨游世界了 ,0.004223285
距离我睡觉还有25分钟。赶紧的拉伸泡沫轴护肤。 ,0.127105001
认真的时候工作糊涂的时候看书独处的时候思考难过的时候睡觉那熬夜的时候呢昨天刷视频刷到早晨迟到明天老大出差不在家 ,0.183019565
昨天一夜没睡不知道今天要不要运动下午是睡觉还是运动还是等到晚上一起睡。简直是世纪难题我现在双眼瞪得像铜铃。 ,0.009169698
她也不是害怕刚玩的好好的很开心呢睡觉就说要躲在被子大棉被里就再不肯出来了宁愿热得一身汗我已经找了个纯被单给她裹了起码没那么热还很怕她被闷到。这个时期就是有些莫名其妙的执着啊最近一直在管理我家不能穿错拖鞋我如果穿了阿姨的她就会说这是阿姨鞋子妈妈鞋子是粉 全文,0.000490827
我闺女咋回事儿非要整个人躲在被子里睡觉说躲起来一掀开被子就尖叫宁愿热的满头汗 ,0.000120752
我真的很难心平气和去睡觉啊 ,0.771823627
看到价格emmm我选择睡觉,0.553850298
我在做童颜机做完就睡觉。说实话觉得有点用哦反正我觉得景致下颌缘非常好 原理类似于热玛吉。 ,0.993995376
我来敷面膜啊今天母亲节我帮你抹我妈哎呀我要睡觉我来敷嘛我们一起我帮你整啊一会出门漂亮我妈哎呀我要睡觉我敷嘛敷嘛这个面膜贵哦我妈我求你了我不过母亲节了我要睡觉 ,0.974446546
听到的话得是多神奇的事情我听过自己睡觉的时候潜意识听到呼吸重有声音这算是打鼾么,0.906143378
可能是因为今天赢了很多酒我一点不醉额我们来聊天吧你问我答聊到我想睡觉为止 ,0.0241206
今天在医院体重早起942左右不知道是不是和家里体重秤不太一样咋变轻了虽然我没有追求继续变瘦但是还是有点惊讶昨天晚上睡觉一直惊醒。每次醒来都会摸一下自己的头发。就是因为害怕头发消失所以不敢睡觉。梦里也在和人挣扎抢夺头发好惨 ps刚刚看到别的运动博主锻炼一个半小 全文,0.999088504
关于规则我跟航哥商定了一个规则。因为他每天晚上睡觉的时候喜欢陪着玩具需要放在头顶上陪着但是我不希望他陪的太多这样早上方便我收拾可是航哥想要随心所欲的陪多少由他自己决定。所以我说如果自己每天早上在我吸地之前把玩具收拾好晚上就可以随心所欲的陪我不干涉如果需要 全文,0.872857892
睡觉咯 ,0.388950148
今天拆正颌钛板全麻手术后人非常昏沉讲话都没有力气医生来看让张嘴我都张不开声音也是含含糊糊语音都是我怕小曹担心挣扎着发的内容都是我要睡觉了刚刚手机一直振刚刚点开听了一下有被温暖到恋爱时最甜的瞬间 并不软的软喵子的微博视频 ,0.999939354
刚工作完去睡觉了。晚安辛苦努力的人们,0.939765787
从面膜冰箱里取一片冰凉凉的面膜敷完睡觉觉啦。 面膜冰箱真的很好用有条件的推荐你们都去入一个没条件的评论这条我抽一个人送一个好东西当然要分享啦  抽奖详情 ,0.984192754
记录一些今天手术的对话1️⃣手术室里护士妹妹准备中看见我昏昏欲睡就问我你困了吗我是的想睡😭那你睡吧想睡就睡她安慰我炒鸡温柔然后低头嘟囔我也好想睡觉喔怎么那么可爱喔2️⃣手术室里小护士给我贴心电那些检测那些东西就实打实摸到我的身体了 全文,0.486934037
雅诗兰黛周日周日 你们让我一点点来 我他妈比快炸了 什么吸尘器 健康水 眼霜 锅 机器猫都得睡觉呢Hindsight给老尤特关了搞快点雅诗兰黛眼霜来了。老尤可以搞点眼霜吗,0.997701679
给人明媚开朗的印象偶尔睡觉会猛一下惊醒蝙蝠袖设计恰到好处地修饰手臂线条、好像自己掉下去一样是的转、你是不是这样白色T恤肩部的镂空和蕾丝钩花增添几分妩媚。白色波点印于澄澈的蓝色中奔跑吧官宣国风 益阳·地下铁 ,0.999999469
我掌心有一颗痣我活了30年我妈今天才发现因为我输液的时候喜欢抓我妈手睡觉我妈就抓着我的手看来看去你手心怎么那么脏啊那是一颗痣。是脏啊你哪来的痣就是脏然后我妈就拼命搓无语。你别搓了就是痣啊今年才长的吗一直都有啊咋回事我咋不知道 全文,0.01894092
做梦非常压迫非常难受醒了起来上厕所发现把止痛泵一直挂脖子上睡觉还好不是吊水上次自己起来上厕所图方便因为正好有个绳子 ,0.150356832
让我看看是谁还在熬夜不睡觉啊是我呀 ,0.585653169
最近接触了大大小小很多宝宝觉得夏夏其实算是很天使啦除了不吃饭和不讲话比较磨人在很多方面都很乖比如睡觉还算好哄只要睡着了就雷打不醒睡到天亮。比如坐车很乖可以乖乖在安全座椅上坐很久。比如至今没有过咬人、尖叫、或者攻击别的小朋友的举动遇到别的小朋友尖叫她都是一脸懵逼 全文,0.999976722
宋仁宗替徽柔报仇清平乐 听一首清平乐琴箫合鸣曲静静心好睡觉去。古琴 林光明LGM的微博视频 ,0.999974236
再过俩小时就日出了我到底要不要睡觉 ,0.179461481
卡诗生发精华到了今晚开始用我可以我能行我睡觉了 ,0.119053612
我太喜欢睡觉了整个人都被睡觉这一件事控制住无法逃脱按照现在网上流行的构词法我应该是一头大觉驴 ,0.744857522
我好了睡觉觉 ,0.680437191
出生开始就用因为他爸爸假期少所以单独带他出门的次数很多。有座椅一直很方便从小他自己也有专座的意识哭闹的时候比较少多数是闹瞌睡哭几分钟基本就会睡觉了。,0.99959635
睡觉💤 ,0.423450025
7个月了每天早上都会收到的早安问候或者分享发生的事情晚上睡觉也会跟我说晚安非常喜欢这种安定感 查看图片  喵子来回答🙊,0.571584728
这条明天醒来就抽今天你们就安心睡觉明天晚上咱们一起喝酒酒🛵,0.046686373
今天的课收获了好多快乐开心开心睡觉睡觉 ,0.998401121
我在成都每天11点睡觉我咋一回家tmd就开始美国时间不行我明天必须12点前睡觉。我是可以做到的。兄弟萌把公屏打在睡觉上 ,0.026188876
鸭苗の日漂 某天某晚男人和女人在广州老城区的出租屋里 像平常一样准备睡觉女人在床上刷朋友圈 看看今天朋友们都干了啥突然刷到曾经在台湾机缘巧合下认识的朋友发了圈 说自己要在日本白马村开一家民宿 邀请全世界的朋友去他那里打工换宿意思是去他的民宿打工 可以免费住 免费旅游 免费滑雪 全文,0.013084706
不睡觉要拿我的手机不给就哭哭。我说那你就哭吧哭得这么可爱我给你拍下来📷结果这情绪平复能力比我还快 小短腿夏酱的微博视频 ,0.998788913
吃这个杨梅太不容易了特别想睡觉但还是硬生生等到八点外卖起送 ,0.807079843
我一小时大概走6公里所以我要走70个小时还不包括睡觉和休息吃饭 查看图片 卧槽 给刺猬索尼克走的  ,0.060473721
和杨奇函睡觉你不怕他对你说你晚上不努力工作沉迷做❤️这是不忠父母给你从小养大你现在背着他们和我睡觉这是不孝你做爱的时候没有想到那些没有爱做的女孩这是不仁我给你的体验这么棒你不让你姐妹享受一下这是不义。你这个不忠不孝不仁不义的人我羞于与你为伍 ,0.97149211
自从乒乒回来了乓乓就变得不太正常连睡觉都是这样的 ,0.147557235
快乐生活从睡觉开始 ,0.983822328
保持美丽的秘方以前是睡觉现在是p图 ,0.818088918
宝宝 刚刚睡醒没看到你回我的消息 昨天睡觉梦到你换了情头 吓醒才意识过来是做梦 所以你为什么不回我的消息呢 这次不回我我下次要找什么理由再去找你呢 我委屈 我好想你 ,2.11E-06
航哥绘本记录 3y11m4d昨天读了这两本航哥貌似非常喜欢我不要被吃掉这本每天睡觉都要放在头顶陪着时不时拿出来看看今天吃完早饭还一个人坐在那里看了好久这里面的卡门机智勇敢总是能化险为夷我也好喜欢怪不得他要说自己是卡门。我好喜欢她这一本貌似不太适合航哥看 全文,0.999836565
上个月我刚过完二十五生日还没毕业也还没找到工作也不着急因为我总觉得自己能永远像个孩子永远在父母的怀抱里不用长大。可我发现母亲老了。疫情开始这半年母亲开始有意无意地说起她腰痛的事情。前两天刚过完母亲五十二大寿她便说腰痛比之前厉害了睡觉翻身也会痛醒于是昨天就赶紧 全文,0.999996916
广东人谈恋爱好可爱平时是叻叻猪喜欢你bb猪困了是困困猪睡觉是觉觉猪生气是嬲嬲猪打情骂俏傻猪猪。还有什么跟我说说。 ,0.997723978
